NCTId;Sponsor;Place;City/state
NCT01495533;University Hospital, Saarland;Danta Pazzanese Heart Institute;São Paulo
NCT02893852;Federal University of Minas Gerais;Federal University of Minas Gerais;Belo Horizonte
NCT00325676;Takeda;Altana Pharma/Nycomed;Belo Horizonte-MG
NCT00325676;Takeda;Altana Pharma/Nycomed;Blumenau - SC
NCT00325676;Takeda;Altana Pharma/Nycomed;Botucatu - SP
NCT00325676;Takeda;Altana Pharma/Nycomed;Campinas - Sao Paulo
NCT00325676;Takeda;Altana Pharma/Nycomed;Campinas - SP
NCT00325676;Takeda;Altana Pharma/Nycomed;Curitiba - PR
NCT00325676;Takeda;Altana Pharma/Nycomed;Ilha Do Fundao - Rio de Janeiro - RJ
NCT00325676;Takeda;Altana Pharma/Nycomed;Pinheiros Sao Paulo - SP
NCT00325676;Takeda;Altana Pharma/Nycomed;Porto Alegre - RS
NCT00325676;Takeda;Altana Pharma/Nycomed;Porto Alegre-RS
NCT00325676;Takeda;Altana Pharma/Nycomed;Porto Alegre-RS
NCT00325676;Takeda;Altana Pharma/Nycomed;Ribeirao Preto-SP
NCT00325676;Takeda;Altana Pharma/Nycomed;Salvador-BA
NCT00325676;Takeda;Altana Pharma/Nycomed;São Paulo
NCT05864417;Johnson & Johnson Consumer Inc. (J&JCI);Allergisa Pesquisa Dermato-Cosmética Ltda;Campinas
NCT03190850;Hospital de Clinicas de Porto Alegre;Hospital de Clinicas de Porto Alegre;Porto Alegre
NCT05033145;HRH Pharmaceuticals Limited;Hospital Moacyr Gomes de Azevedo;Cambuci
NCT05033145;HRH Pharmaceuticals Limited;Clinical Research Unit / High Complexity Center (CRU/HCC) / Galzu Institute;Campos dos Goytacazes
NCT05033145;HRH Pharmaceuticals Limited;Hospital Santa Casa de Misericórdia de Campos;Campos dos Goytacazes
NCT05033145;HRH Pharmaceuticals Limited;Unidade de Pesquisa Clínica / Centro de Alta Complexidade;Campos dos Goytacazes
NCT05033145;HRH Pharmaceuticals Limited;Unidade Pré Hospitalar São José;Campos dos Goytacazes
NCT05033145;HRH Pharmaceuticals Limited;Hospital de Itaocara;Itaocara
NCT05033145;HRH Pharmaceuticals Limited;Hospital Armando Vidal;São Fidelis
NCT04161495;Bioverativ, a Sanofi company;Investigational Site Number 181;Campinas
NCT02123667;Chiesi Farmaceutici S.p.A.;Prof. Dr. Emilio Pizzichini;Florianópolis
NCT02123667;Chiesi Farmaceutici S.p.A.;Prof. Dr. Alberto Cukier;São Paulo
NCT02123667;Chiesi Farmaceutici S.p.A.;Prof. Dr. Rafael Stelmach;São Paulo
NCT01410292;Hospital de Clinicas de Porto Alegre;Hospital de Clínicas de Porto Alegre;Porto Alegre
NCT05387811;Azienda Ospedaliera di Padova;Hospital Federal de Bonsoccesso;Rio de Janeiro
NCT01137071;Recepta Biopharma;Núcleo de Oncologia da Bahia;Salvador
NCT01137071;Recepta Biopharma;Cetus Hospital-Dia Oncologia Ltda - Filial Belo Horizonte;Belo Horizonte
NCT01137071;Recepta Biopharma;Hospital Erasto Gaertner;Curitiba
NCT01137071;Recepta Biopharma;Hospital de Clínicas de Porto Alegre;Porto Alegre
NCT01137071;Recepta Biopharma;Hospital de Câncer de Barretos;Barretos
NCT01137071;Recepta Biopharma;Fundação Amaral Carvalho;Jaú
NCT01137071;Recepta Biopharma;"Instituto do Câncer do Estado de São Paulo ""Octávio Frias de Oliveira""";São Paulo
NCT01137071;Recepta Biopharma;Hospital Israelita Albert Einstein;São Paulo
NCT02592434;Pfizer;SER - Servicos Especializados em Reumatologia;Salvador
NCT02592434;Pfizer;Santa Casa de Misericordia de Belo Horizonte;Belo Horizonte
NCT02592434;Pfizer;Santa Casa de Misericordia de Belo Horizonte;Belo Horizonte
NCT02592434;Pfizer;CMIP -Centro Mineiro de Pesquisa Ltda / Reumatocenter;Juiz de Fora
NCT02592434;Pfizer;Hospital Pequeno Principe / A ssociacao Hospitalar de Protecao a Infancia;Curitiba
NCT02592434;Pfizer;Instituto de Pesquisa Pele Pequeno Principe;Curitiba
NCT02592434;Pfizer;Instituto de Puericultura e Pediatria Martagao Gesteira;Rio de Janeiro
NCT02592434;Pfizer;Faculdade de Medicina da UNESP;Botucatu
NCT02592434;Pfizer;SPDM- Associacao Paulista para o Desenvolvimento da Medicina-Hospital Sao Paulo;São Paulo
NCT02592434;Pfizer;Instituto da Crianca do Hospital das Clinicas da FMUSP;São Paulo
NCT02832544;Population Health Research Institute;Cardresearch - Cardiologia Assistencial e de Pesquisa;Belo Horizonte
NCT02832544;Population Health Research Institute;Nucleo de Estudios Clinicos - Universidade Federal do Triângulo Mineiro;Uberaba
NCT02832544;Population Health Research Institute;Eurolatino Pesquisas Médicas Ltda;Uberlândia
NCT02832544;Population Health Research Institute;Clínica Procardio Ltda.;Blumenau
NCT02832544;Population Health Research Institute;Instituto de Pesquisa Clínica de Campinas;Campinas
NCT02832544;Population Health Research Institute;LOEMA - Instituto de Pesquisa Clínica & Consultores Ltda;Campinas
NCT02832544;Population Health Research Institute;Via Médica Centro Clínico Barroso e Sebba Ltda;Goiânia
NCT02832544;Population Health Research Institute;Instituto de Cardiologia do Rio Grande do Sul;Porto Alegre
NCT02832544;Population Health Research Institute;Fundação Faculdade de Medicina de São José do Rio Preto;São José do Rio Preto
NCT02832544;Population Health Research Institute;Instituto do Coração - HCFMUSP;São Paulo
NCT02832544;Population Health Research Institute;Instituto Dante Pazzanese de Cardiologia;São Paulo
NCT02832544;Population Health Research Institute;Santa Casa de Misericórdia de Votuporanga;Votuporanga
NCT01304732;Grupo de Apoio ao Adolescente e a Crianca com Cancer;Grupo de Apoio ao Adolescente e a Criança com Cancer;São Paulo
NCT04214171;Faculdade de Ciências Médicas da Santa Casa de São Paulo;João Barboza;São Paulo
NCT03771898;Shire;Hospital de Clínicas de Porto Alegre;Porto Alegre
NCT03819114;Advancing Clinical Therapeutics Globally for HIV/AIDS and Other Infections;12101 Instituto de Pesquisa Clinica Evandro Chagas (IPEC) CRS;Rio de Janeiro
NCT02463552;Universidade Federal de Sergipe;Universidade Federal de Sergipe;Aracaju
NCT00841126;Ineos Healthcare Limited;Hospital Universitario da Univ Federal de Juiz de Fora;Juiz de Fora
NCT00841126;Ineos Healthcare Limited;Hospital Universitario Pedro Ernesto;Rio de Janeiro
NCT00841126;Ineos Healthcare Limited;Universidade Federal de Sao Paulo - UNIFESP;São Paulo
NCT00841126;Ineos Healthcare Limited;Faculdade de Ciencias Medicas de Sorocaba - Hosp Santa Lucin;Sorocaba
NCT02255708;University of Sao Paulo;Laboratory of Neuropsychobiology and Motor Behavior,;Ribeirão Preto
NCT03615625;Hospital de Clinicas de Porto Alegre;Hospital de Clinicas de Porto Alegre;Porto Alegre
NCT04028817;University of Nove de Julho;Daysi da Cruz Tobelem;São Paulo
NCT00869817;Washington University School of Medicine;Hospital das Clinicas da Faculdade de Medicina da Universidade de São Paulo;São Paulo
NCT04531202;D'Or Institute for Research and Education;D'Or Institute for Research and Education (IDOR);Rio de Janeiro
NCT06015737;AstraZeneca;Research Site;Belo Horizonte
NCT06015737;AstraZeneca;Research Site;Belo Horizonte
NCT06015737;AstraZeneca;Research Site;Porto Alegre
NCT06015737;AstraZeneca;Research Site;Rio de Janeiro
NCT06015737;AstraZeneca;Research Site;Salvador
NCT06015737;AstraZeneca;Research Site;São Paulo
NCT06988865;Instituto do Cancer do Estado de São Paulo;Instituto do Cancer do Estado de São Paulo;São Paulo
NCT03909165;Merck Sharp & Dohme LLC;Hospital Pequeno Principe ( Site 3826);Curitiba
NCT03909165;Merck Sharp & Dohme LLC;Hospital Tacchini ( Site 3827);Bento Gonçalves
NCT03909165;Merck Sharp & Dohme LLC;Instituto da Crianca do Hospital das Clinicas-FMUSP ( Site 3825);São Paulo
NCT03071692;Kowa Research Institute, Inc.;L2IP - Instituto de Pesquisas Clínicas Ltda.;Brasília
NCT03071692;Kowa Research Institute, Inc.;Hospital do Coração do Brasil;Brasília
NCT03071692;Kowa Research Institute, Inc.;CECAP - Centro de Cardiologia Clínica;Brasília
NCT03071692;Kowa Research Institute, Inc.;Hospital Universitário de Brasília;Brasília
NCT03071692;Kowa Research Institute, Inc.;Clínica de Endocrinologia e Metabologia Ltda.;Brasília
NCT03071692;Kowa Research Institute, Inc.;CARDIOINTERV Centro de Pesquisa S/S;Goiânia
NCT03071692;Kowa Research Institute, Inc.;Via Médica;Goiânia
NCT03071692;Kowa Research Institute, Inc.;HC-UFG - Hospital das Clínicas da Universidade Federal de Goiás;Goiânia
NCT03071692;Kowa Research Institute, Inc.;Hospital Felício Rocho;Belo Horizonte
NCT03071692;Kowa Research Institute, Inc.;CARDRESEARCH - Cardiologia Assistencial;Belo Horizonte
NCT03071692;Kowa Research Institute, Inc.;Sociedade Hospitalar Angelina Caron;Campina Grande do Sul
NCT03071692;Kowa Research Institute, Inc.;Cline Research Center (Leite PS Consultoria Medica LTDA);Curitiba
NCT03071692;Kowa Research Institute, Inc.;Núcleo de Pesquisa Clínica S/S;Curitiba
NCT03071692;Kowa Research Institute, Inc.;Paraná Medical Research Center;Maringá
NCT03071692;Kowa Research Institute, Inc.;HUJBB-UFPA - Hospital Universitário João de Barros Barreto - Universidade Federal do Pará;Belém
NCT03071692;Kowa Research Institute, Inc.;CCBR Brasil Centro de Pesquisas e Análises Clínicas Ltda.;Rio de Janeiro
NCT03071692;Kowa Research Institute, Inc.;Eurolatino Natal Pesquisas Médicas Ltda.;Natal
NCT03071692;Kowa Research Institute, Inc.;Hospital Universitário;Canoas
NCT03071692;Kowa Research Institute, Inc.;Hospital São Vicente de Paulo;Passo Fundo
NCT03071692;Kowa Research Institute, Inc.;Santa Casa de Misericórdia de Pelotas;Pelotas
NCT03071692;Kowa Research Institute, Inc.;Santa Casa de Misericórdia de Porto Alegre;Porto Alegre
NCT03071692;Kowa Research Institute, Inc.;Hospital de Clínicas de Porto Alegre;Porto Alegre
NCT03071692;Kowa Research Institute, Inc.;Centro de Pesquisas em Diabetes Ltda.;Porto Alegre
NCT03071692;Kowa Research Institute, Inc.;Centro de Pesquisa Clínica Maimônides - Maimônides Day Hospital;Porto Alegre
NCT03071692;Kowa Research Institute, Inc.;Centro de Pesquisa Médica Santa Maria Ltda.;Santa Maria
NCT03071692;Kowa Research Institute, Inc.;Maestri e Kormann Consultoria Medico Científica LTDA;Blumenau
NCT03071692;Kowa Research Institute, Inc.;Loema - Instituto de Pesquisa Clínica;Campinas
NCT03071692;Kowa Research Institute, Inc.;IPCC - Instituto de Pesquisa Clínica de Campinas;Campinas
NCT03071692;Kowa Research Institute, Inc.;CEMEC - Centro Multidisciplinar de Estudos Clínicos;São Bernardo do Campo
NCT03071692;Kowa Research Institute, Inc.;Fundação Faculdade Regional de Medicina de São José do Rio Preto;São José do Rio Preto
NCT03071692;Kowa Research Institute, Inc.;ISPEM - Instituto São José dos Campos em Pesquisas Médicas;São José dos Campos
NCT03071692;Kowa Research Institute, Inc.;CPQuali Pesquisa Clínica Ltda.;São Paulo
NCT03071692;Kowa Research Institute, Inc.;CPCLIN - Centro de Pesquisas Clínicas Ltda.;São Paulo
NCT03071692;Kowa Research Institute, Inc.;Clínica Paulista de Doenças Cardiovasculares Ltda.;São Paulo
NCT03071692;Kowa Research Institute, Inc.;Dr. Consulta;São Paulo
NCT03071692;Kowa Research Institute, Inc.;CEPIC - Centro Paulista de Investigação Clínica e Serviços Médicos;São Paulo
NCT03071692;Kowa Research Institute, Inc.;Hospital das Clínicas da Faculdade de Medicina da USP;São Paulo
NCT03071692;Kowa Research Institute, Inc.;Incor - Instituto do Coração - HCFMUSP;São Paulo
NCT03071692;Kowa Research Institute, Inc.;IMC - Instituto de Moléstias Cardiovasculares Tatuí;Tatuí
NCT03071692;Kowa Research Institute, Inc.;Santa Casa de Votuporanga;Votuporanga
NCT05563311;University of Nove de Julho;Luciana Malosa;São Paulo
NCT04524611;AbbVie;Faculdade de Medicina do ABC /ID# 223231;Santo André
NCT04524611;AbbVie;Upeclin Fmb - Unesp /Id# 223234;Botucatu
NCT04524611;AbbVie;Hospital das Clinicas da Faculdade de Medicina de Ribeirao Preto /ID# 223233;Ribeirão Preto
NCT04524611;AbbVie;Kaiser Clinica e Hospital Dia /ID# 223232;São José do Rio Preto
NCT05515536;PTC Therapeutics;University of Campinas (UNICAMP) - School of Medical Sciences, Dept of Neurology;São Paulo
NCT01104909;Universidade de Passo Fundo;Darlan Martins Lara;Carazinho
NCT04320472;Ictal Group;Universidade Federal de São Paulo;São Paulo
NCT06282575;Jazz Pharmaceuticals;Liga Norte Riograndense Contra O Cancer;Natal
NCT06282575;Jazz Pharmaceuticals;Hospital de Clinicas de Porto Alegre - HCPA;Porto Alegre
NCT06282575;Jazz Pharmaceuticals;Irmandade Da Santa Casa de Misericordia de Porto Alegre - ISCMPA;Porto Alegrev
NCT06282575;Jazz Pharmaceuticals;Fundação Pio XII Hospital de Amor de Barretos;Barretos
NCT06282575;Jazz Pharmaceuticals;Fundação Doutor Amaral Carvalho - Hospital Amaral Carvalho;Jaú
NCT06282575;Jazz Pharmaceuticals;Fundação Faculdade Regional de Medicina de São José do Rio Preto (FUNFARME);São José do Rio Preto
NCT06282575;Jazz Pharmaceuticals;Hospital Nossa Senhora Da Conceição/Centro Integrado de Pesquisa em Oncologia CIPO-GHC;Porto Alegre
NCT06282575;Jazz Pharmaceuticals;Instituto Nacional de Cancer - INCA;Rio de Janeiro
NCT03061812;AbbVie;Liga Norte Rio Grandense Cont. /ID# 159015;Natal
NCT03061812;AbbVie;Associação Hospital Beneficente São Vicente de Paulo - Hospital São Vicente de P /ID# 159668;Passo Fundo
NCT03061812;AbbVie;Fundacao Pio XII - Hospital de Cancer de Barretos /ID# 159017;Barretos
NCT03061812;AbbVie;Fundacao Faculdade Regional de Medicina de Sao Jose do Rio Preto /ID# 159666;São José do Rio Preto
NCT03061812;AbbVie;Instituto Nacional de Câncer José de Alencar Gomes da Silva (INCA) /ID# 159665;Rio de Janeiro
NCT04198519;Mario Fritsch Neves;Hospital Universitario Pedro Ernesto;Rio de Janeiro
NCT04198519;Mario Fritsch Neves;Rio de Janeiro State University;Rio de Janeiro
NCT06618430;University of Sao Paulo;University of Sao Paulo, School of Physical Education and Sports of Ribeirao Preto;Ribeirão Preto
NCT04011267;University of Sao Paulo General Hospital;Universidade de São Paulo;São Paulo
NCT00159900;Pfizer's Upjohn has merged with Mylan to form Viatris Inc.;Pfizer Investigational Site;Belo Horizonte
NCT00159900;Pfizer's Upjohn has merged with Mylan to form Viatris Inc.;Pfizer Investigational Site;Rio de Janeiro
NCT00159900;Pfizer's Upjohn has merged with Mylan to form Viatris Inc.;Pfizer Investigational Site;Rio Claro
NCT00159900;Pfizer's Upjohn has merged with Mylan to form Viatris Inc.;Pfizer Investigational Site;São Paulo
NCT00159900;Pfizer's Upjohn has merged with Mylan to form Viatris Inc.;Pfizer Investigational Site;São Paulo
NCT06609239;Sanofi;Proar- Site Number : 0760003;Salvador
NCT06609239;Sanofi;HC UFG - Hospital Das Clinicas de Goias- Site Number : 0760007;Goiânia
NCT06609239;Sanofi;Centro de Estudos em Terapias Inovadoras- Site Number : 0760002;Curitiba
NCT06609239;Sanofi;Hospital Dia do Pulmão- Site Number : 0760005;Blumenau
NCT06609239;Sanofi;CCBR / IBPClin - Instituto Brasil de Pesquisa Clínica- Site Number : 0760006;Rio de Janeiro
NCT06679439;University of Sao Paulo General Hospital;University of Sao Paulo General Hospital;São Paulo
NCT02416271;Eli Lilly and Company;For additional information regarding investigative sites for this trial, contact 1-877-CTLILLY (1-877-285-4559, 1-317-615-4559) Mon - Fri from 9 AM to 5 PM Eastern Time (UTC/GMT - 5 hours, EST), or speak with your personal physician.;Recife
NCT02416271;Eli Lilly and Company;For additional information regarding investigative sites for this trial, contact 1-877-CTLILLY (1-877-285-4559, 1-317-615-4559) Mon - Fri from 9 AM to 5 PM Eastern Time (UTC/GMT - 5 hours, EST), or speak with your personal physician.;São Paulo
NCT03608839;Universidade Federal de Pernambuco;State University of Campinas;Campinas
NCT02774967;University of Sao Paulo;Gabriel F Bastos;Ribeirão Preto
NCT03813407;AstraZeneca;Research Site;Campinas
NCT03813407;AstraZeneca;Research Site;São Paulo
NCT03813407;AstraZeneca;Research Site;São Paulo
NCT01232634;The Hospital for Sick Children;Universidade de Sao Paulo;São Paulo
NCT01232634;The Hospital for Sick Children;Universidade Estaduale de Campinas;São Paulo
NCT01232634;The Hospital for Sick Children;Universidade Federal de Sao Paulo;São Paulo
NCT02497625;Universidade Cidade de Sao Paulo;Physical Therapy Outpatient Department;São Paulo
NCT00752440;Instituto de Cardiologia do Rio Grande do Sul;Institudo de Cardiologia do Rio Grande do Sul;Porto Alegre
NCT04402060;Apellis Pharmaceuticals, Inc.;Hospital Angelina Caron;Campina Grande do Sul
NCT04402060;Apellis Pharmaceuticals, Inc.;Irmandade da Santa Casa de Misericordia de Porto Alegre;Porto Alegre
NCT04402060;Apellis Pharmaceuticals, Inc.;Hospital São Lucas da PUCRS;Porto Alegre
NCT04402060;Apellis Pharmaceuticals, Inc.;UPECLIN - Unidade de Pesquisa Clínica da Faculdade de Medicina de Botucatu - FMB/UNESP;Botucatu
NCT04402060;Apellis Pharmaceuticals, Inc.;Hospital Estadual Mario Covas;Santo André
NCT04402060;Apellis Pharmaceuticals, Inc.;CEMEC - Centro Multidisciplinar de Estudos Clinicos LTDA EPP;São Bernardo do Campo
NCT04402060;Apellis Pharmaceuticals, Inc.;Hospital Alemao Oswaldo Cruz;São Paulo
NCT04402060;Apellis Pharmaceuticals, Inc.;Hospital Santa Marcelina;São Paulo
NCT03792620;Grupo de Estudos Multicentricos em Onco-Hematologia;CEHON - Centro de Hematologia e Oncologia da Bahia;Salvador
NCT02296424;Novartis Pharmaceuticals;Novartis Investigative Site;Curitiba
NCT02296424;Novartis Pharmaceuticals;Novartis Investigative Site;Rio de Janeiro
NCT02296424;Novartis Pharmaceuticals;Novartis Investigative Site;São Paulo
NCT06827379;Federal University of Paraíba;Universidade Federal da Paraíba;João Pessoa
NCT00959361;Hospital de Clinicas de Porto Alegre;Hospital de Clinicas de Porto Alegre;Porto Alegre
NCT01168973;Eli Lilly and Company;For additional information regarding investigative sites for this trial, contact 1-877-CTLILLY (1-877-285-4559, 1-317-615-4559) Mon - Fri from 9 AM to 5 PM Eastern Time (UTC/GMT - 5 hours, EST), or speak with your personal physician.;Barretos
NCT01168973;Eli Lilly and Company;For additional information regarding investigative sites for this trial, contact 1-877-CTLILLY (1-877-285-4559, 1-317-615-4559) Mon - Fri from 9 AM to 5 PM Eastern Time (UTC/GMT - 5 hours, EST), or speak with your personal physician.;Belo Horizonte
NCT01168973;Eli Lilly and Company;For additional information regarding investigative sites for this trial, contact 1-877-CTLILLY (1-877-285-4559, 1-317-615-4559) Mon - Fri from 9 AM to 5 PM Eastern Time (UTC/GMT - 5 hours, EST), or speak with your personal physician.;Goiânia
NCT01168973;Eli Lilly and Company;For additional information regarding investigative sites for this trial, contact 1-877-CTLILLY (1-877-285-4559, 1-317-615-4559) Mon - Fri from 9 AM to 5 PM Eastern Time (UTC/GMT - 5 hours, EST), or speak with your personal physician.;Porto Alegre
NCT01168973;Eli Lilly and Company;For additional information regarding investigative sites for this trial, contact 1-877-CTLILLY (1-877-285-4559, 1-317-615-4559) Mon - Fri from 9 AM to 5 PM Eastern Time (UTC/GMT - 5 hours, EST), or speak with your personal physician.;São Paulo
NCT04192994;Federal University of São Paulo;Dept of Ophthalmology - UNIFESP/Hospital São Paulo;São Paulo
NCT07132853;University of Sao Paulo;Heart Institute;São Paulo
NCT00086372;National Institute of Allergy and Infectious Diseases (NIAID);Centro de Referencia Estadual de AIDS (CREAIDS);Salvador
NCT05336357;University of Sao Paulo;Instituto do Coração;São Paulo
NCT00989365;University of Sao Paulo General Hospital;Clinical Hospital, School of Medicine, University of São Paulo;São Paulo
NCT06252467;Marco Aurélio Vaz, PhD;Marco Aurélio Vaz;Porto Alegre
NCT05651711;Amgen;CETI - Centro de Estudo em Terapias Inovadoras;Curitiba
NCT05651711;Amgen;Centro Multidisciplinar de Estudos Clinicos - CEMEC;São Bernardo do Campo
NCT05651711;Amgen;ISPEM - Instituto São José dos Campos em Pesquisas Médicas;São José dos Campos
NCT01747395;University of Sao Paulo General Hospital;Instituto do Coração - HC/FMUSP;São Paulo
NCT01547377;Universidade Federal do Rio Grande do Norte;Onofre Lopes University Hospital;Natal
NCT02582177;Ache Laboratorios Farmaceuticos S.A.;Centro de Pesquisa Clínica - CPEC / Associação Obras Sociais Irmã Dulce;Salvador
NCT02582177;Ache Laboratorios Farmaceuticos S.A.;Centro de Pesquisa Clínica do IMIP;Recife
NCT02582177;Ache Laboratorios Farmaceuticos S.A.;Allergisa Pesquisa Dermato Cosmética Ltda.;Campinas
NCT02582177;Ache Laboratorios Farmaceuticos S.A.;Scentryphar Pesquisa Clínica;Campinas
NCT02582177;Ache Laboratorios Farmaceuticos S.A.;Sociedade Campineira de Educação e Instrução - Centro de Pesquisa Clínica São Lucas - PUCCAMP;Campinas
NCT02582177;Ache Laboratorios Farmaceuticos S.A.;Centro de Estudos Multidisciplinar CEPES da Faculdade de Medicina do ABC;Santo André
NCT02582177;Ache Laboratorios Farmaceuticos S.A.;Centro Integrado de Pesquisa - CIP;São José do Rio Preto
NCT02582177;Ache Laboratorios Farmaceuticos S.A.;CDEC Brasil - Centro de Desenvolvimento em Estudo Clínicos Brasil / AFIP-Associação Fundo de Incentivo à pesquisa);São Paulo
NCT02582177;Ache Laboratorios Farmaceuticos S.A.;Centro de Pesquisa Clínica - HSM (Hospital Santa Marcelina);São Paulo
NCT00910377;Hospital de Clinicas de Porto Alegre;Hospital de Clinicas de Porto Alegre;Porto Alegre
NCT05719857;Universidade Federal do Rio de Janeiro;Hospital Universitário Clementino Fraga Filho / Universidade Federal do Rio de Janeiro (UFRJ);Rio de Janeiro
NCT01252407;Federal University of Health Science of Porto Alegre;Rodrigo Della Méa Plentz;Porto Alegre
NCT01886430;University of Sao Paulo General Hospital;Instituto do Coração - HC/FMUSP;São Paulo
NCT02489565;Hospital de Clinicas de Porto Alegre;Instituto de Avaliação de Tecnologia em Saúde (Institute of Technology Assessment in Health);Porto Alegre
NCT01546207;Vivek Reddy;Hospital Regional Sao Jose;Santa Catarina
NCT01240044;University of the State of Santa Catarina;Maternidade Carmela Dutra Hospital;Florianópolis
NCT03039244;University of Sao Paulo;Mariana Sales;Ribeirão Preto
NCT05886387;Instituto de Investigacion Sanitaria La Fe;Hospital Israelita Albert Einstein;São Paulo
NCT02073721;Universidade Gama Filho;Federal Hospital Servants of the State of Rio de Janeiro;Rio de Janeiro
NCT03914326;Novo Nordisk A/S;Hospital do Coração do Brasil;Brasília
NCT03914326;Novo Nordisk A/S;Cline Research Center;Curitiba
NCT03914326;Novo Nordisk A/S;Quanta Diagnóstico Nuclear / Medicina Nuclear Alto da XV;Curitiba
NCT03914326;Novo Nordisk A/S;Hospital São Vicente de Paulo;Passo Fundo
NCT03914326;Novo Nordisk A/S;Instituto de Pesquisa Clínica de Campinas;Campinas
NCT03914326;Novo Nordisk A/S;i9 Pesquisas Clínicas;Campinas
NCT03914326;Novo Nordisk A/S;Instituto de Pesquisa Clinica (IPEC);São Paulo
NCT03914326;Novo Nordisk A/S;CPQuali Pesquisa Clínica Ltda;São Paulo
NCT03914326;Novo Nordisk A/S;CPCLIN - Centro de Pesquisas Clínicas;São Paulo
NCT04545840;Neodent;Instituto Latino Americano de Pesquisa e Ensino Odontológico (ILAPEO);Curitiba
NCT01246089;Instituto de Olhos de Goiania;Instituto de Olhos de Goiania;Goiânia
NCT05052307;Hospital Moinhos de Vento;Pronto Atendimento Municipal de Toledo;Toledo
NCT05052307;Hospital Moinhos de Vento;Unidade Básica de Saúde Jardim Cosmos;Toledo
NCT05052307;Hospital Moinhos de Vento;Unidade de Pronto Atendimento Pediátrico Dr. José Ivo Alves da Rocha;Toledo
NCT00843232;University of Campinas, Brazil;LIMED (Laboratory of Investigation of Metabolism and Diabetes)/GASTROCENTRO/Univeristy of Campinas (UNICAMP);Campinas
NCT05639114;Novartis Pharmaceuticals;Novartis Investigative Site;Vitória
NCT05639114;Novartis Pharmaceuticals;Novartis Investigative Site;Salvador
NCT05639114;Novartis Pharmaceuticals;Novartis Investigative Site;Brasília
NCT05639114;Novartis Pharmaceuticals;Novartis Investigative Site;Belo Horizonte
NCT05639114;Novartis Pharmaceuticals;Novartis Investigative Site;Curitiba
NCT05639114;Novartis Pharmaceuticals;Novartis Investigative Site;Niterói
NCT05639114;Novartis Pharmaceuticals;Novartis Investigative Site;Rio de Janeiro
NCT05639114;Novartis Pharmaceuticals;Novartis Investigative Site;Natal
NCT05639114;Novartis Pharmaceuticals;Novartis Investigative Site;Barretos
NCT05639114;Novartis Pharmaceuticals;Novartis Investigative Site;São Paulo
NCT05639114;Novartis Pharmaceuticals;Novartis Investigative Site;São Paulo
NCT05639114;Novartis Pharmaceuticals;Novartis Investigative Site;Salvador
NCT05949684;Bristol-Myers Squibb;Hospital Universitario Walter Cantidio;Fortaleza
NCT05949684;Bristol-Myers Squibb;Hospital São Lucas da PUCRS;Porto Alegre
NCT05949684;Bristol-Myers Squibb;HEMORIO;Rio de Janeiro
NCT05949684;Bristol-Myers Squibb;Hospital das Clinicas FMUSP;São Paulo
NCT03532984;University Medical Center Groningen;School of Physical Education and Sport of Ribeirão Preto;São Paulo
NCT00358943;Genzyme, a Sanofi Company;Hospital das Clínicas da Universidade Federal do Paraná - HCUFPR- Site Number : 076010;Curitiba
NCT00358943;Genzyme, a Sanofi Company;Hospital de Clinicas de Porto Alegre- Site Number : 076007;Porto Alegre
NCT00358943;Genzyme, a Sanofi Company;Hospital e Maternidade Celso Pierro - PUC-Campinas- Site Number : 076012;Campinas
NCT00358943;Genzyme, a Sanofi Company;Hospital das Clinicas da Faculdade de Medicina de Ribeirao Preto- Site Number : 076001;Ribeirão Preto
NCT00358943;Genzyme, a Sanofi Company;Faculdade De Medicina - Unicamp- Site Number : 076005;Campinas
NCT00358943;Genzyme, a Sanofi Company;HEMORIO- Site Number : 076006;Rio de Janeiro
NCT00358943;Genzyme, a Sanofi Company;Instituto de Genética e Erros Inatos do Metabolismo- Site Number : 076002;São Paulo
NCT00358943;Genzyme, a Sanofi Company;Hospital das Clinicas da Faculdade de Medicina da Universidade de Sao Paulo- Site Number : 076008;São Paulo
NCT02128633;Universidade Federal de Santa Maria;Fabricio Batistin Zanatta;Santa Maria
NCT04942158;University of Sao Paulo;Iguaçu University;Itaperuna
NCT04942158;University of Sao Paulo;Rio de Janeiro State University;Rio de Janeiro
NCT04942158;University of Sao Paulo;Santa Catarina Federal University;Florianópolis
NCT04942158;University of Sao Paulo;School of Dentistry, University of Sao Paulo;São Paulo
NCT02926885;Nucleo De Pesquisa E Desenvolvimento De Medicamentos Da Universidade Federal Do Ceara;Nucleo de Pesquisa e Desenvolvimento da Universidade Federal do Ceara;Fortaleza
NCT01912885;University of Sao Paulo General Hospital;Gynecology Ambulatory of the General Hospital of the Faculty of Medicine of the University of Sao Paulo;São Paulo
NCT01338025;International Maternal Pediatric Adolescent AIDS Clinical Trials Group;Hospital Geral De Nova Igaucu Brazil NICHD CRS (5097);Rio de Janeiro
NCT01338025;International Maternal Pediatric Adolescent AIDS Clinical Trials Group;Insituto de Infectologia Emilio Ribas NICHD CRS (5075);São Paulo
NCT01338025;International Maternal Pediatric Adolescent AIDS Clinical Trials Group;Univ of Sao Paulo Brazil NICHD CRS (5074);São Paulo
NCT01546974;Hospital Sao Domingos;Hospital Sao Domingos;São Luís
NCT02441374;University of Sao Paulo;Tamyris Padovani dos Santos;Ribeirão Preto
NCT00696436;Takeda;;Belo Horizonte
NCT00696436;Takeda;;Campinas
NCT00696436;Takeda;;Fortaleza
NCT00696436;Takeda;;Goiaenia
NCT00696436;Takeda;;Joildille
NCT00696436;Takeda;;Porto Alegre
NCT00696436;Takeda;;Rio Janeiro
NCT00696436;Takeda;;São Paulo
NCT00696436;Takeda;;Sorocava
NCT01823744;Société des Produits Nestlé (SPN);Campus Universitário USP, Hospital das Clínicas da Faculdade de Medicina de Ribeirão Preto;Ribeirão Preto
NCT02008344;MDVI, LLC;;Belo Horizonte
NCT02008344;MDVI, LLC;;Juiz de Fora
NCT02008344;MDVI, LLC;;Curitiba
NCT02008344;MDVI, LLC;;Passo Fundo
NCT02008344;MDVI, LLC;;Porto Alegre
NCT02008344;MDVI, LLC;;Porto Alegre
NCT02008344;MDVI, LLC;;Campinas
NCT02008344;MDVI, LLC;;Santo André
NCT02008344;MDVI, LLC;;Santo André
NCT02008344;MDVI, LLC;;São Paulo
NCT02008344;MDVI, LLC;;São Paulo
NCT02008344;MDVI, LLC;;São Paulo
NCT02008344;MDVI, LLC;;Brasília
NCT05296798;Hoffmann-La Roche;Pronutrir - suporte nutricional e quimioterapia ltda.;Fortaleza
NCT05296798;Hoffmann-La Roche;Hospital Sao Rafael - HSR;Salvador
NCT05296798;Hoffmann-La Roche;Hospital Araujo Jorge;Goiânia
NCT05296798;Hoffmann-La Roche;Hospital do Câncer de Londrina;Londrina
NCT05296798;Hoffmann-La Roche;Hospital do Cancer de Pernambuco - HCP;Recife
NCT05296798;Hoffmann-La Roche;Oncosite - Centro de Pesquisa Clinica Em Oncologia Ltda;Ijuí
NCT05296798;Hoffmann-La Roche;Hospital Nossa Senhora da Conceicao;Porto Alegre
NCT05296798;Hoffmann-La Roche;Hospital de Amor Amazônia;Porto Velho
NCT05296798;Hoffmann-La Roche;Fundação Pio XII Hospital de Câncer de Barretos;Barretos
NCT05296798;Hoffmann-La Roche;Instituto do Cancer do Estado de Sao Paulo - ICESP;São Paulo
NCT05296798;Hoffmann-La Roche;Clinica de Pesquisa e Centro de Estudos em Oncologia Ginecologica e Mamaria Ltda;São Paulo
NCT06758206;Federal University of Vicosa;Universidade Federal de Viçosa;Viçosa
NCT06758206;Federal University of Vicosa;Federal University of Viçosa, Viçosa - Minas Gerais;Viçosa
NCT05790915;Hospital Sao Domingos;Hospital Sao Domingos;São Luís
NCT01813435;ECRI bv;Research centre Rio de Janeiro, 5503;Rio de Janeiro
NCT01813435;ECRI bv;Research centre Rio de Janeiro, 5504;Rio de Janeiro
NCT01813435;ECRI bv;Research centre Sao Paulo, 5501;São Paulo
NCT01813435;ECRI bv;Research centre Sao Paulo, 5502;São Paulo
NCT01813435;ECRI bv;Research centre Uberlândia, 5505;Uberlândia
NCT00244725;GlaxoSmithKline;GSK Investigational Site;Porto Alegre
NCT00244725;GlaxoSmithKline;GSK Investigational Site;Porto Alegre
NCT02662465;Universidade Federal do Rio Grande do Norte;Universidade Federal do Rio Grande do Norte;Natal
NCT00768300;Gilead Sciences;;São Paulo
NCT00768300;Gilead Sciences;;Belo Horizonte
NCT00768300;Gilead Sciences;;Florianópolis
NCT00768300;Gilead Sciences;;Goiânia
NCT00768300;Gilead Sciences;;Porto Alegre
NCT00768300;Gilead Sciences;;Porto Alegre
NCT00768300;Gilead Sciences;;Porto Alegre
NCT00768300;Gilead Sciences;;Rio de Janeiro
NCT00768300;Gilead Sciences;;Santo André
NCT01971034;Instituto do Cancer do Estado de São Paulo;ICESP;São Paulo
NCT04590963;AstraZeneca;Research Site;Belo Horizonte
NCT04590963;AstraZeneca;Research Site;Porto Alegre
NCT04590963;AstraZeneca;Research Site;Rio de Janeiro
NCT04590963;AstraZeneca;Research Site;São Paulo
NCT04590963;AstraZeneca;Research Site;São Paulo
NCT04590963;AstraZeneca;Research Site;São Paulo
NCT04590963;AstraZeneca;Research Site;São Paulo
NCT01204593;Sanofi;Investigational Site Number 076-007;Curitiba
NCT01204593;Sanofi;Investigational Site Number 076-003;Distrito Federal
NCT01204593;Sanofi;Investigational Site Number 076-010;Fortaleza
NCT01204593;Sanofi;Investigational Site Number 076-006;Marília
NCT01204593;Sanofi;Investigational Site Number 076-004;Porto Alegre
NCT01204593;Sanofi;Investigational Site Number 076-002;São Paulo
NCT04835233;Federal University of Paraíba;UFPB Paraíba Federal University;João Pessoa
NCT01409408;Hospital Universitario Pedro Ernesto;Hospital Universitario Pedro Ernesto;Rio de Janeiro
NCT06245408;Amgen;SER - Serviços Especializados em Reumatologia da Bahia S/S - ME;Salvador
NCT06245408;Amgen;Irmandade da Santa Casa de Misericórdia de Belo Horizonte - PPDS;Belo Horizonte
NCT06245408;Amgen;Centro de Estudos em Terapias Inovadoras;Curitiba
NCT06245408;Amgen;LMK Servicos Medicos SS;Porto Alegre
NCT05081687;Hospital Israelita Albert Einstein;Hospital Municipal Vila Santa Catarina;São Paulo
NCT05139316;Ultragenyx Pharmaceutical Inc;Hospital de Clinicas de Porto Alegre;Porto Alegre
NCT01753804;BioMarin Pharmaceutical;Hospital das Clinicas da Faculdade de Medicina da USP;São Paulo
NCT01852149;Mitralign, Inc.;Instituto Dante Passanese de Cardiologia;São Paulo
NCT04615949;Cardiol Therapeutics Inc.;Science Valley Research Institute;Campo Largo
NCT04615949;Cardiol Therapeutics Inc.;Universidade Estadual de Maringa;Maringá
NCT04615949;Cardiol Therapeutics Inc.;Hospital São Lucas PUCRS;Porto Alegre
NCT04615949;Cardiol Therapeutics Inc.;Irmandade Santa Casa de Misericórdia;Porto Alegre
NCT04615949;Cardiol Therapeutics Inc.;Núcleo de Ensino e Pesquisa do Instituto Mário Penna;Conjunto ACM
NCT04615949;Cardiol Therapeutics Inc.;Fundação Pio XII - Hospital de Amor Barretos;Barretos
NCT04615949;Cardiol Therapeutics Inc.;IPECC-Instituto de Pesquisa Clínica de Campinas;Campinas
NCT04615949;Cardiol Therapeutics Inc.;Instituto do Coração do HCFMUSP;Cerqueira César
NCT04615949;Cardiol Therapeutics Inc.;SVRI- Irmandade de Santa Casa de Misercordia de Santos;Jabaquara
NCT04615949;Cardiol Therapeutics Inc.;Science Valley Research Institute;Santo André
NCT04615949;Cardiol Therapeutics Inc.;Fundação Faculdade Regional de Medicine de Sao Jose do Rio Preto (SJRP);São José do Rio Preto
NCT04615949;Cardiol Therapeutics Inc.;Complexo Hospitalar de Niteroi- Centro de Pesquisa Clinica;Rio de Janeiro
NCT05648448;University of Oxford;Universidade Federal de Minas Gerais;Minas Gerais
NCT01566240;University College, London;Instituto do Câncer do Estado de São Paulo;São Paulo
NCT03658850;University of Sao Paulo;Hospital das Clinicas da Faculdade de Medicina da Universidade de São Paulo;São Paulo
NCT06527404;Amgen;Clinica Instituto Bahiano de Imunoterapia - Medicina, Reumatologia e Dermatologia ltda;Salvador
NCT06527404;Amgen;Irmandade da Santa Casa de Misericordia de Porto Alegre;Porto Alegre
NCT06527404;Amgen;Universidade Estadual Paulista Julio de Mesquita Filho;Botucatu
NCT06527404;Amgen;Fundacao Abc - Centro Univ Fmabc;Santo André
NCT06527404;Amgen;Hospital das Clínicas da Faculdade de Medicina da Universidade de São Paulo;São Paulo
NCT06527404;Amgen;IBPClin Instituto Brasil de Pesquisa Clinica;Rio de Janeiro
NCT06091384;D'Or Institute for Research and Education;D'Or Institute of Research and Education;São Paulo
NCT03882515;University of the State of Santa Catarina;Santa Catarina State University;Florianópolis
NCT03216317;Hospital Israelita Albert Einstein;Unidade Básica de Saúde;Petrolina
NCT05455684;Janssen Research & Development, LLC;Universidade Federal do Ceara Hospital Universitario Walter Cantidio;Fortaleza
NCT05455684;Janssen Research & Development, LLC;Instituto Goiano de Neuropsiquiatria;Goiânia
NCT05455684;Janssen Research & Development, LLC;NPCRS Nucleo de Pesquisa Clinica do Rio Grande do Sul;Porto Alegre
NCT05455684;Janssen Research & Development, LLC;Ruschel Medicina e Pesquisa Clínica Ltda;Rio de Janeiro
NCT05455684;Janssen Research & Development, LLC;CEMEC - Centro Multidisciplinar de Estudos Clínicos;São Bernardo do Campo
NCT05455684;Janssen Research & Development, LLC;Fundacao Faculdade Regional de Medicina de Sao Jose do Rio Preto Hospital de Base;São José do Rio Preto
NCT05455684;Janssen Research & Development, LLC;CPQuali Pesquisa Clinica LTDA ME;São Paulo
NCT05455684;Janssen Research & Development, LLC;BR Trials;São Paulo
NCT01235585;Hoffmann-La Roche;;Salvador
NCT01235585;Hoffmann-La Roche;;Goiânia
NCT01235585;Hoffmann-La Roche;;Belo Horizonte
NCT01235585;Hoffmann-La Roche;;Curitiba
NCT01235585;Hoffmann-La Roche;;Rio de Janeiro
NCT01235585;Hoffmann-La Roche;;Pelotas
NCT01235585;Hoffmann-La Roche;;Porto Alegre
NCT01235585;Hoffmann-La Roche;;Itapira
NCT01235585;Hoffmann-La Roche;;São Paulo
NCT01235585;Hoffmann-La Roche;;São Paulo
NCT03306043;GlaxoSmithKline;GSK Investigational Site;Porto Alegre
NCT03306043;GlaxoSmithKline;GSK Investigational Site;Santo André - SP
NCT03306043;GlaxoSmithKline;GSK Investigational Site;Sorocaba
NCT01031017;University of Sao Paulo;Hospital das Clinicas;São Paulo
NCT01487291;Universidade Federal do Rio de Janeiro;Institudo de Psiquiatria da UFRJ;Rio de Janeiro
NCT07099690;Federal University of Rio Grande do Sul;Hospital de Clínicas de Porto Alegre;Porto Alegre
NCT01544933;Universidade de Passo Fundo;Rodrigo Tisot;Passo Fundo
NCT02656784;Universidade Estadual do PiauÍ;Piauí State University - UESPI;Teresina
NCT03923426;Pfizer;Hospital Felício Rocho;Belo Horizonte
NCT03923426;Pfizer;Hospital Vera Cruz;Belo Horizonte
NCT03923426;Pfizer;CEPETI - Centro de Estudos e Pesquisa em Emergências Médicas e Terapia Intensiva;Curitiba
NCT03923426;Pfizer;Hospital Moinho de Ventos;Porto Alegre
NCT03923426;Pfizer;Hospital de Caridade de Santa Maria -HCAA;Santa Maria
NCT02535585;University of Sao Paulo;Departamento de Ortopedia e Traumatologia do Hospital das Clínicas da Faculdade de Medicina da Universidade de São Paulo;São Paulo
NCT06959043;Maria Elizabeth Rossi da Silva;Universidade de São Paulo (USP);São Paulo
NCT05466240;Atea Pharmaceuticals, Inc.;Atea Study Site;Belo Horizonte
NCT05466240;Atea Pharmaceuticals, Inc.;Atea Study Site;Campo Grande
NCT05466240;Atea Pharmaceuticals, Inc.;Atea Study Site;Cuiabá
NCT05466240;Atea Pharmaceuticals, Inc.;Atea Study Site;Manaus
NCT05466240;Atea Pharmaceuticals, Inc.;Atea Study Site;Natal
NCT05466240;Atea Pharmaceuticals, Inc.;Atea Study Site;Porto Velho
NCT05466240;Atea Pharmaceuticals, Inc.;Atea Study Site;Recife
NCT05466240;Atea Pharmaceuticals, Inc.;Atea Study Site;Ribeirão Preto
NCT05466240;Atea Pharmaceuticals, Inc.;Atea Study Site;Rio de Janeiro
NCT05466240;Atea Pharmaceuticals, Inc.;Atea Study Site;São José do Rio Preto
NCT05466240;Atea Pharmaceuticals, Inc.;Atea Study Site;São Paulo
NCT03540589;Hospital Nossa Senhora da Conceicao;Hospital Moinhos de Vento;Porto Alegre
NCT06068374;University of Nove de Julho;Universidade Nove de Julho;São Paulo
NCT03170518;Janssen Research & Development, LLC;Hospital Universitario Joao de Barros Barreto - UFPA;Belém
NCT03170518;Janssen Research & Development, LLC;Santa Casa de Misericordia de Belo Horizonte;Belo Horizonte
NCT03170518;Janssen Research & Development, LLC;Condominio Centro Clinico do Lago;Brasília
NCT03170518;Janssen Research & Development, LLC;Centro de Diabetes Curitiba Ltda;Curitiba
NCT03170518;Janssen Research & Development, LLC;Núcleo de Pesquisa Clinica;Porto Alegre
NCT03170518;Janssen Research & Development, LLC;Instituto da Criança com Diabetes do Rio Grande do Sul - ICDRS;Porto Alegre
NCT03170518;Janssen Research & Development, LLC;Ruschel Medicina e Pesquisa Clínica Ltda;Rio de Janeiro
NCT03170518;Janssen Research & Development, LLC;Hospital e Maternidade Dr Christovao da Gama S.A;Santo André
NCT03170518;Janssen Research & Development, LLC;IPEC - Instituto de Pesquisa Clínica Ltda;São Paulo
NCT03170518;Janssen Research & Development, LLC;Hospital Das Clinicas Da Faculdade De Medicina Da USP;São Paulo
NCT03170518;Janssen Research & Development, LLC;Santa Casa de Misericórdia de Votuporanga;Votuporanga
NCT04610138;Clene Nanomedicine;PROCAPE;Santo Amaro
NCT04610138;Clene Nanomedicine;Projeto Praca Onze;Centro
NCT04610138;Clene Nanomedicine;IBPClin;Glória
NCT04610138;Clene Nanomedicine;Casa de Saúde;Campinas
NCT04610138;Clene Nanomedicine;IPECC;São Paulo
NCT01393548;Ache Laboratorios Farmaceuticos S.A.;Ache Laboratorios Farmaceuticos;Guarulhos
NCT05157178;The Immunobiological Technology Institute (Bio-Manguinhos) / Oswaldo Cruz Foundation (Fiocruz);Instituto de Tecnologia do Paraná (TECPAR);Curitiba
NCT05157178;The Immunobiological Technology Institute (Bio-Manguinhos) / Oswaldo Cruz Foundation (Fiocruz);Hospital Universitário Pedro Ernesto/ UERJ;Rio de Janeiro
NCT05157178;The Immunobiological Technology Institute (Bio-Manguinhos) / Oswaldo Cruz Foundation (Fiocruz);Policlinica Lincoln de Freitas Filho;Rio de Janeiro
NCT05157178;The Immunobiological Technology Institute (Bio-Manguinhos) / Oswaldo Cruz Foundation (Fiocruz);Unidade de Ensaios Clínicos em Imunobiológicos;Rio de Janeiro
NCT01306435;University of Sao Paulo General Hospital;University of São Paulo General Hospital;São Paulo
NCT04216810;Faculdade de Ciências Médicas da Santa Casa de São Paulo;Claudio Cazarini Júnior;São Paulo
NCT04225520;Universitaire Ziekenhuizen KU Leuven;Dante Pazzanese Institute of Cardiology;São Paulo
NCT04455685;Libbs Farmacêutica LTDA;Augusto Theodoro de Figueiredo;São Paulo
NCT03632785;University of Sao Paulo;José Carlos Nicolau;São Paulo
NCT03904940;Federal University of São Paulo;Universidade Federal de Sao Paulo;São Paulo
NCT04216589;National Institute of Allergy and Infectious Diseases (NIAID);Instituto de Pesquisa Clinica Evandro Chagas (IPEC) CRS (Site ID: 12101);Rio de Janeiro
NCT05475691;Hospital Israelita Albert Einstein;HUPES - Escola Bahiana de Medicina e Saúde Pública;Salvador
NCT05475691;Hospital Israelita Albert Einstein;UFMG - Universidade Federal de Minas Gerais - Hospital das Clínicas;Belo Horizonte
NCT05475691;Hospital Israelita Albert Einstein;Hospital Infantil Pequeno Príncipe;Curitiba
NCT05475691;Hospital Israelita Albert Einstein;Instituto de Puericultura e Pediatria Martagão Gesteira da UFRJ;Rio de Janeiro
NCT05475691;Hospital Israelita Albert Einstein;HCPA - Hospital de Clínicas de Porto Alegre;Porto Alegre
NCT05475691;Hospital Israelita Albert Einstein;Unicamp - Hospital de Clínicas da Universidade Estadual de Campinas;Campinas
NCT05475691;Hospital Israelita Albert Einstein;Hospital Israelita Albert Einstein;São Paulo
NCT05475691;Hospital Israelita Albert Einstein;Instituto da Criança do Hospital das Clínicas de São Paulo - FMUSP;São Paulo
NCT00820690;Barretos Cancer Hospital;Barretos Cancer Hospital;Barretos
NCT06450197;AstraZeneca;Research Site;Campinas
NCT06450197;AstraZeneca;Research Site;Curitiba
NCT06450197;AstraZeneca;Research Site;Jaú
NCT06450197;AstraZeneca;Research Site;Porto Alegre
NCT06450197;AstraZeneca;Research Site;Santo André
NCT06450197;AstraZeneca;Research Site;São José do Rio Preto
NCT06450197;AstraZeneca;Research Site;São Paulo
NCT06450197;AstraZeneca;Research Site;São Paulo
NCT00596713;Associação Fundo de Incentivo à Pesquisa;AFIP;São Paulo
NCT01651923;Azidus Brasil;LAL Clínica Pesquisa e Desenvolvimento Ltda.;Valinhos
NCT00738179;Adelaide Institute for Sleep Health;Brazil Principal Investigator: Geraldo Lorenzi Filho, Heart Institute, University of São Paulo;São Paulo
NCT03221855;Hospital de Clinicas de Porto Alegre;Hospital de Clínicas de Porto Alegre;Porto Alegre
NCT03446378;Universidade Federal de Pernambuco;Federal University of Pernambuco, Applied Neuroscience Laboratory;Recife
NCT03843125;Eli Lilly and Company;SER - Serviços Especializados em Reumatologia da Bahia S/S - ME;Salvador
NCT03843125;Eli Lilly and Company;Santa Casa de Misericordia de Belo Horizonte;Belo Horizonte
NCT03843125;Eli Lilly and Company;Centro de Estudos em Terapias Inovadoras-CETI;Curitiba
NCT03843125;Eli Lilly and Company;EDUMED - Educação em Saúde Ltda.;Curitiba
NCT03843125;Eli Lilly and Company;LMK Serviços Médicos S/S;Porto Alegre
NCT03843125;Eli Lilly and Company;Hospital de Clinicas UNICAMP;Campinas
NCT03843125;Eli Lilly and Company;Oncovida- Centro de Onco-Hematologia de Mato Grosso;Cuiabá
NCT02102620;Federal University of São Paulo;Federal University of São Paulo;São Paulo
NCT03286647;University of Sao Paulo General Hospital;Department and Institute of Psychiatry - FMUSP;São Paulo
NCT03032185;Secretaria Municipal de Saúde de Rolante;Andressa de Souza;Canoas
NCT02764840;São Paulo State University;Paulista State University;Presidente Prudente
NCT03469440;Instituto do Coracao;Incor - Heart Institute - University of Sao Paulo;São Paulo
NCT04149574;Bristol-Myers Squibb;Local Institution - 0050;Uberlândia
NCT04149574;Bristol-Myers Squibb;Local Institution - 0048;Porto Alegre
NCT04149574;Bristol-Myers Squibb;Local Institution - 0047;Itajaí
NCT04149574;Bristol-Myers Squibb;Local Institution - 0049;Rio de Janeiro
NCT01396460;Gastrocirurgia, Brazil;Gastrocirurgia de Brasilia;Brasília
NCT03397706;Viracta Therapeutics, Inc.;Centro de Hematologia e Oncologia da Bahia (CEHON);Salvador
NCT03397706;Viracta Therapeutics, Inc.;Hospital de Cancer de Pernambuco (HCP);Recife
NCT03397706;Viracta Therapeutics, Inc.;Hospital do Cancer Mae de Deus;Porto Alegre
NCT03397706;Viracta Therapeutics, Inc.;Real e Benemerita Associacao Portuguesa de Beneficencia;São Paulo
NCT03397706;Viracta Therapeutics, Inc.;Hospital das Clínicas da Faculdade de Medicina da Universidade de São Paulo (HC-FMUSP);São Paulo
NCT03397706;Viracta Therapeutics, Inc.;Hospital Santa Marcelina;São Paulo
NCT01392326;Novartis Pharmaceuticals;Novartis Investigative Site;Porto Alegre
NCT01392326;Novartis Pharmaceuticals;Novartis Investigative Site;São Paulo
NCT01392326;Novartis Pharmaceuticals;Novartis Investigative Site;São Paulo
NCT03566043;REGENXBIO Inc.;Hospital de Clinicas de Porto Alegre;Porto Alegre
NCT05415215;Hoffmann-La Roche;Crio - Centro Regional Integrado de Oncologia;Fortaleza
NCT05415215;Hoffmann-La Roche;Hospital Araujo Jorge;Goiânia
NCT05415215;Hoffmann-La Roche;Hospital Nossa Senhora da Conceicao;Porto Alegre
NCT05415215;Hoffmann-La Roche;Clinica de Pesquisa e Centro de Estudos em Oncologia Ginecologica e Mamaria Ltda;São Paulo
NCT00989768;Brazilan Center for Studies in Dermatology;Brazilian Center for Studies in Dermatology;Porto Alegre
NCT01288560;Ottawa Heart Institute Research Corporation;Quanta Diagnóstico e Terapia;Curitiba
NCT02180360;Universidade Federal do vale do São Francisco;Universidade Federal do Vale do São Francisco;Petrolina
NCT04658524;Rio de Janeiro State University;Ana Beatriz Winter Tavares;Petrópolis
NCT03198832;Universidade Estadual Paulista Júlio de Mesquita Filho;;São Jose Dos Campos
NCT02698709;University of Sao Paulo;Clínica Oftalmológica do Hospital de Clínicas - FMUSP;São Paulo
NCT05422547;D'Or Institute for Research and Education;Instituto D'Or de Pesquisa e Ensino - Brasília;Brasília
NCT05422547;D'Or Institute for Research and Education;Instituto D'Or de Pesquisa e Ensino - Rio de Janeiro;Rio de Janeiro
NCT01877148;Universidade Federal de Pernambuco;Applied Neuroscience Laboratory;Recife
NCT01895049;Helio Tedesco Silva Junior;Hospital do Rim e Hipertensao;São Paulo
NCT00704548;Hospital de Clinicas de Porto Alegre;Hospital de Clinicas de Porto Alegre;Porto Alegre
NCT01124955;Federal University of São Paulo;Tatiana Hasegawa;São Paulo
NCT01124955;Federal University of São Paulo;Tatiana Hasegawa;São Paulo
NCT03028168;Hospital de Clinicas de Porto Alegre;Hospital ULBRA - Mãe de Deus;Canoas
NCT03028168;Hospital de Clinicas de Porto Alegre;Hospital de Clínicas de Porto Alegre;Porto Alegre
NCT03535610;Scitech Produtos Medicos Ltda;Certa Centro de Referência em Tratamentos Avançados;São Paulo
NCT05471180;University of Nove de Julho;Anna Carolina R.T. Horliana;São Paulo
NCT00419835;University of Sao Paulo;Nephrology Department, Sao Paulo University Medical School;São Paulo
NCT02970890;Adriane Aver Vanin;Hospital Beneficência Nossa Senhora do Pari;São Paulo
NCT04544410;Spruce Biosciences;Spruce Study Site;Curitiba
NCT04544410;Spruce Biosciences;Spruce Study Site;São Paulo
NCT00229697;AstraZeneca;Research Site;Belo Horizonte
NCT00229697;AstraZeneca;Research Site;Curitiba
NCT00229697;AstraZeneca;Research Site;Porto Alegre
NCT00229697;AstraZeneca;Research Site;São Paulo
NCT01755676;EMS;Centro de Medicina Reprodutiva Dr Carlos Isaia Filho;Porto Alegre
NCT01755676;EMS;Loema;Campinas
NCT01755676;EMS;Allergisa;Campinas
NCT01755676;EMS;CIPMED;Jaú
NCT01755676;EMS;Marcio Antonio Pereira Clinica de Endocrinologia;São José dos Campos
NCT02265497;Claudio Gustavo Stefanoff;Brazilian National Cancer Institute - INCA/ Ministry Of HealthClinical Research Department;Rio de Janeiro
NCT02142179;Federal University of Bahia;Universidade Federal da Bahia and College Estadual Presidente Emílio Garrastazu Médici (Currently its name is College Estadual do Stiep Carlos Marighella);Salvador
NCT02452788;Hospital Moinhos de Vento;Hospital Moinhos de Vento;Porto Alegre
NCT00333827;Ministry of Health, Brazil;INCL - National Institute of Cardiology Laranjeiras;Rio de Janeiro
NCT01905943;Hoffmann-La Roche;Hospital das Clinicas - UFRGS;Porto Alegre
NCT01905943;Hoffmann-La Roche;Hospital de Cancer de Barretos;Barretos
NCT01905943;Hoffmann-La Roche;Hospital Amaral Carvalho;Jaú
NCT01905943;Hoffmann-La Roche;Instituto de Ensino e Pesquisa Sao Lucas - IEP;São Paulo
NCT01905943;Hoffmann-La Roche;Hospital Sirio Libanes;
NCT01905943;Hoffmann-La Roche;Centro de Oncologia;São Paulo
NCT01905943;Hoffmann-La Roche;Hospital Estadual do Servidor Publico;
NCT01905943;Hoffmann-La Roche;Hematologia;São Paulo
NCT01905943;Hoffmann-La Roche;Hospital das Clinicas - FMUSP;
NCT01905943;Hoffmann-La Roche;Hematologia;São Paulo
NCT01905943;Hoffmann-La Roche;Hospital Santa Marcelina;
NCT01905943;Hoffmann-La Roche;Oncologia;São Paulo
NCT02487615;Instituto Dante Pazzanese de Cardiologia;State University Of Campinas;Campinas
NCT02487615;Instituto Dante Pazzanese de Cardiologia;Dante Pazzanese Institute of Cardiology;São Paulo
NCT01463917;Hospital Pitangueiras;Hospital Pitangueiras;Jundiaí
NCT06259968;Federal University of Health Science of Porto Alegre;Private Rehabilitation Center;Veranópolis
NCT06259968;Federal University of Health Science of Porto Alegre;Private Rehabilitation Center;Veranópolis
NCT02083497;Universidade do Vale do Paraíba;Rehabilitation Engineering Laboratory of Sensory Motor;São José dos Campos
NCT02127723;Galderma R&D;Dr Hexsel;Porto Alegre
NCT06712823;Crinetics Pharmaceuticals Inc.;Crinetics Study Site;Botucatu
NCT06712823;Crinetics Pharmaceuticals Inc.;Crinetics Study Site;São Paulo
NCT03464136;Janssen Scientific Affairs, LLC;Hospital Das Clinicas Da Ufmg;Belo Horizonte - MG
NCT03464136;Janssen Scientific Affairs, LLC;Inst Goiano Gastroenterologia e Endoscopia Digest Ltda - Clinica de Gastro;Goiânia
NCT03464136;Janssen Scientific Affairs, LLC;Endogastro Clínica de Gastroenterologia e Endoscopia Digestiva Lida;Juiz de Fora
NCT03464136;Janssen Scientific Affairs, LLC;Hospital das Clinicas de Porto Alegre;Porto Alegre
NCT03464136;Janssen Scientific Affairs, LLC;Hospital Das Clinicas Da Faculdade De Medicina De RPUSP HCRP;Ribeirão Preto
NCT03464136;Janssen Scientific Affairs, LLC;Universidade Federal do Rio de Janeiro - Faculdade de Medicina;Rio de Janeiro
NCT03464136;Janssen Scientific Affairs, LLC;Hospital Copa D'Or;Rio de Janeiro
NCT03464136;Janssen Scientific Affairs, LLC;Fundacao do ABC Centro Universitario FMABC;Santo André
NCT04846907;D'Or Institute for Research and Education;D'Or Institute for Research and Education;Rio de Janeiro
NCT04698811;Universidade do Vale do Sapucai;Univás;Pouso Alegre
NCT02023034;Faculdade Evangelica do Parana;Associação Paranaense dos Portadores de Parkinsonismo;Curitiba
NCT00719264;Novartis Pharmaceuticals;Novartis Investigative Site;Rio de Janeiro
NCT00719264;Novartis Pharmaceuticals;Novartis Investigative Site;Porto Alegre
NCT00719264;Novartis Pharmaceuticals;Novartis Investigative Site;Porto Alegre
NCT00719264;Novartis Pharmaceuticals;Novartis Investigative Site;Ribeirão Preto
NCT00719264;Novartis Pharmaceuticals;Novartis Investigative Site;Santo André
NCT00719264;Novartis Pharmaceuticals;Novartis Investigative Site;São Paulo
NCT06316349;University of Sao Paulo General Hospital;Instituto do Coração - Hospital das Clínicas da Faculdade de Medicina da Universidade de São Paulo;São Paulo
NCT01765543;Hoffmann-La Roche;;Porto Alegre
NCT01765543;Hoffmann-La Roche;;Porto Alegre
NCT01765543;Hoffmann-La Roche;;Porto Alegre
NCT01978015;University of Campinas, Brazil;Hospital de Clínicas, UNICAMP;Campinas
NCT05317117;PATH;Centro de Pesquisa em Medicina Tropical de Rondônia (CEPEM);Porto Velho
NCT06696040;Fernanda Trubian;Universidade de Caxias do Sul;Caxias Do Suk
NCT01425840;University of Campinas, Brazil;Piracicaba Dental School;Piracicaba
NCT00524368;Tibotec Pharmaceuticals, Ireland;;Curitiba
NCT00524368;Tibotec Pharmaceuticals, Ireland;;Distrito Barao Geraldo-Campina
NCT00524368;Tibotec Pharmaceuticals, Ireland;;Pinheiros
NCT00524368;Tibotec Pharmaceuticals, Ireland;;Recife
NCT00524368;Tibotec Pharmaceuticals, Ireland;;Rio de Janeiro
NCT00524368;Tibotec Pharmaceuticals, Ireland;;Salvador
NCT00524368;Tibotec Pharmaceuticals, Ireland;;São Paulo
NCT00922350;Universidade Federal de Pernambuco;Barros Lima Policlinic;Recife
NCT02807818;University of Sao Paulo;Faculdade de Medicina da Universidade de São Paulo;São Paulo
NCT02056197;University of Nove de Julho;Universidade Nove de Julho;São Paulo
NCT06350097;AstraZeneca;Research Site;Barretos
NCT06350097;AstraZeneca;Research Site;Natal
NCT06350097;AstraZeneca;Research Site;Porto Alegre
NCT06350097;AstraZeneca;Research Site;Salvador
NCT06350097;AstraZeneca;Research Site;São Paulo
NCT04051255;University of Campinas, Brazil;University of Campinas, UNICAMP;Piracicaba
NCT02152917;University of Sao Paulo General Hospital;Hospital das Clinicas - University of Sao Paulo;São Paulo
NCT00077597;Hoffmann-La Roche;;Curitiba
NCT00077597;Hoffmann-La Roche;;Ribeirão Preto
NCT00077597;Hoffmann-La Roche;;São Paulo
NCT00077597;Hoffmann-La Roche;;São Paulo
NCT05989815;Universidade Federal de Sao Carlos;Desportivo Brasil Football Club;Porto Feliz
NCT05071235;Federal University of Piaui;Federal University of Piaui;Parnaíba
NCT06605040;Universidade Federal de Santa Maria;Federal University of Santa Maria;Santa Maria
NCT04481074;Federal University of Minas Gerais;Ambulatório Bias Fortes - Ambulatório de Doenças Intersticiais do Hospital das Clínicas da Universidade Federal de Minas Gerais.;Belo Horizonte
NCT04481074;Federal University of Minas Gerais;Laboratório de Avaliação e Pesquisa em Desempenho Cardiorrespiratório da UFMG;Belo Horizonte
NCT00424190;Forest Laboratories;Investigational Site;Curiuba-Parans
NCT00424190;Forest Laboratories;Investigational Site;São Paulo
NCT06213649;Jeremy Keenan, MD, MPH;Federal University of São Paulo;São Paulo
NCT01261026;Federal University of São Paulo;Federal University of São Paulo;São Paulo
NCT01285726;Fresenius Medical Care Deutschland GmbH;Instituto Mineiro Nefrologia;Belo Horizonte
NCT01285726;Fresenius Medical Care Deutschland GmbH;CDR Barra do Piraí;Piraí
NCT01285726;Fresenius Medical Care Deutschland GmbH;CETENE;São Paulo
NCT03707743;IRCCS San Raffaele;Centervasc-Rio;Rio de Janeiro
NCT04594343;ETICA;ETICA;Salvador
NCT03002415;Hospital de Clinicas de Porto Alegre;Hospital de Clínicas de Porto Alegre;Porto Alegre
NCT05907408;Universidade Federal do Rio de Janeiro;Federal University of Rio de Janeiro;Rio de Janeiro
NCT01466517;Pfizer;Pfizer Investigational Site;Aparecida de Goiânia
NCT00967317;Laboratorios Osorio de Moraes Ltda.;Faculdade de Medicina do ABC;Santo André
NCT02367040;Bayer;;Passo Fundo
NCT02367040;Bayer;;Porto Alegre
NCT02367040;Bayer;;Barretos/SP
NCT02367040;Bayer;;Jaú
NCT02367040;Bayer;;São Paulo
NCT02367040;Bayer;;São Paulo
NCT02367040;Bayer;;São Paulo
NCT02367040;Bayer;;São Paulo
NCT06710340;Raquel Ballarin;São Paulo State University (UNESP), Medical School, Botucatu;Botucatu
NCT00195468;Wyeth is now a wholly owned subsidiary of Pfizer;;Curitiba
NCT00195468;Wyeth is now a wholly owned subsidiary of Pfizer;;Rio de Janeiro
NCT00195468;Wyeth is now a wholly owned subsidiary of Pfizer;;Rio de Janeiro
NCT00195468;Wyeth is now a wholly owned subsidiary of Pfizer;;Porto Alegre
NCT00195468;Wyeth is now a wholly owned subsidiary of Pfizer;;Porto Alegre
NCT00195468;Wyeth is now a wholly owned subsidiary of Pfizer;;Ribeirao Preto
NCT00195468;Wyeth is now a wholly owned subsidiary of Pfizer;;São José do Rio Preto
NCT00195468;Wyeth is now a wholly owned subsidiary of Pfizer;;São Paulo
NCT00195468;Wyeth is now a wholly owned subsidiary of Pfizer;;São Paulo
NCT00195468;Wyeth is now a wholly owned subsidiary of Pfizer;;São Paulo
NCT01919268;Universidade Cidade de Sao Paulo;Physical Therapy Outpatient Department;São Paulo
NCT07157774;Eli Lilly and Company;Centro de Pesquisa Clinica do Coracao;Acaraju
NCT07157774;Eli Lilly and Company;Hospital Universitário João de Barros Barreto;Belém
NCT07157774;Eli Lilly and Company;NUPEC - Cardio;Belo Horizonte
NCT07157774;Eli Lilly and Company;AngioKormann Blumenau;Blumenau
NCT07157774;Eli Lilly and Company;Hospital Sirio Libanes;Brasília
NCT07157774;Eli Lilly and Company;Hospital do Coração do Brasil;Brasília
NCT07157774;Eli Lilly and Company;Chronos Pesquisa Clínica;Brasília
NCT07157774;Eli Lilly and Company;Instituto de Pesquisa clinica de Campinas;Campinas
NCT07157774;Eli Lilly and Company;Centro de Pesquisa Sao Lucas;Campinas
NCT07157774;Eli Lilly and Company;Quanta Diagnóstico e Terapia;Curitiba
NCT07157774;Eli Lilly and Company;Instituto de Ensino e Pesquisa Clinica do Ceara;Fortaleza
NCT07157774;Eli Lilly and Company;Universidade Federal de Goias;Goiânia
NCT07157774;Eli Lilly and Company;C-MEP - Centro Multidisciplinar de Ensino e Pesquisa;Joinville
NCT07157774;Eli Lilly and Company;CPHOSP Manaus Medicina, Ensino e Pesquisa;Manaus
NCT07157774;Eli Lilly and Company;Instituto Do Coracao De Marilia;Marília
NCT07157774;Eli Lilly and Company;Instituto Atena de Pesquisa Clinica;Natal
NCT07157774;Eli Lilly and Company;Instituto Méderi de Pesquisa e Saúde;Passo Fundo
NCT07157774;Eli Lilly and Company;Hospital Maternidade E Pronto Socorro Santa Lucia;Poços de Caldas
NCT07157774;Eli Lilly and Company;Hospital de Clinicas de Porto Alegre;Porto Alegre
NCT07157774;Eli Lilly and Company;Irmandade da Santa Casa de Misericórdia de Porto Alegre;Porto Alegre
NCT07157774;Eli Lilly and Company;Núcleo de Pesquisa Clínica do Rio Grande do Sul;Porto Alegre
NCT07157774;Eli Lilly and Company;Hospital Moinhos de Vento;Porto Alegre
NCT07157774;Eli Lilly and Company;Hospital Nossa Senhora da Conceição;Porto Alegre
NCT07157774;Eli Lilly and Company;Rede AME SAÚDE;Recife
NCT07157774;Eli Lilly and Company;Centro de Pesquisa Silvestre Santé;Rio Branco
NCT07157774;Eli Lilly and Company;IBPClin - Instituto Brasil de Pesquisa Clínica;Rio de Janeiro
NCT07157774;Eli Lilly and Company;Ruschel Medicina e Pesquisa Clínica;Rio de Janeiro
NCT07157774;Eli Lilly and Company;Inovace Pesquisa Clínica;Salvador
NCT07157774;Eli Lilly and Company;Praxis Pesquisa Medica;Santo André
NCT07157774;Eli Lilly and Company;Centro Multidisciplinar de Estudos Clinicos;São Bernardo do Campo
NCT07157774;Eli Lilly and Company;Fundação Faculdade Regional de Medicina de São José do Rio Preto;São José do Rio Preto
NCT07157774;Eli Lilly and Company;Centro Internacional de Pesquisa Clínica (CIPES);São José dos Campos
NCT07157774;Eli Lilly and Company;CPQuali Pesquisa Clínica;São Paulo
NCT07157774;Eli Lilly and Company;CPCLIN;São Paulo
NCT07157774;Eli Lilly and Company;Instituto Dante Pazzanese de Cardiology;São Paulo
NCT07157774;Eli Lilly and Company;CEPIC - Centro Paulista de Investigação Clínica;São Paulo
NCT07157774;Eli Lilly and Company;Incor - Instituto do Coracao;São Paulo
NCT07157774;Eli Lilly and Company;CEDOES;Vitória
NCT07157774;Eli Lilly and Company;Integral Pesquisa e Ensino;Votuporanga
NCT00669058;Sanofi;Sanofi-aventis administrative office;São Paulo
NCT03815643;EMD Serono Research & Development Institute, Inc.;Hospital de Câncer de Barretos - Fundação Pio XII;Barretos
NCT01010035;University of Sao Paulo General Hospital;Endocrinology service and Lipid laboratory of Heart Institute of University of São Paulo;São Paulo
NCT02576574;EMD Serono Research & Development Institute, Inc.;CRIO - Centro Regional Integrado de Oncologia;Fortaleza
NCT02576574;EMD Serono Research & Development Institute, Inc.;NOB - Núcleo de Oncologia da Bahia;Salvador
NCT02576574;EMD Serono Research & Development Institute, Inc.;CEBROM - Centro Brasileiro de Radioterapia, Oncologia e Mastologia;Goiânia
NCT02576574;EMD Serono Research & Development Institute, Inc.;Hospital Erasto Gaertner - Liga Paranaense de Combate ao Câncer;Curitiba
NCT02576574;EMD Serono Research & Development Institute, Inc.;Hospital de Caridade de Ijuí;Ijuí
NCT02576574;EMD Serono Research & Development Institute, Inc.;Hospital Bruno Born;Lajeado
NCT02576574;EMD Serono Research & Development Institute, Inc.;Hospital São Vicente de Paulo;Passo Fundo
NCT02576574;EMD Serono Research & Development Institute, Inc.;Hospital de Clínicas de Porto Alegre;Porto Alegre
NCT02576574;EMD Serono Research & Development Institute, Inc.;IMV-Pesquisa Cardiologica Sociedade Simples - HMD - COR;Porto Alegre
NCT02576574;EMD Serono Research & Development Institute, Inc.;Hospital São Lucas da PUCRS;Porto Alegre
NCT02576574;EMD Serono Research & Development Institute, Inc.;Hospital Nossa Senhora da Conceição;Porto Alegre
NCT02576574;EMD Serono Research & Development Institute, Inc.;CEPON - Centro de Pesquisas Oncológicas de Santa Catarina;Florianópolis
NCT02576574;EMD Serono Research & Development Institute, Inc.;Clínica de Neoplasias Litoral Ltda.;Itajaí
NCT02576574;EMD Serono Research & Development Institute, Inc.;Hospital de Câncer de Barretos - Fundação Pio XII;Barretos
NCT02576574;EMD Serono Research & Development Institute, Inc.;Fundação Doutor Amaral Carvalho;Jaú
NCT02576574;EMD Serono Research & Development Institute, Inc.;CEPHO - Centro de Estudos e Pesquisas em Hematologia e Oncologia;Santo André
NCT02576574;EMD Serono Research & Development Institute, Inc.;Fundação Faculdade Regional de Medicina de São José do Rio Preto;São José do Rio Preto
NCT02576574;EMD Serono Research & Development Institute, Inc.;ICESP - Instituto do Câncer do Estado de São Paulo Octavio Frias de Oliveira;São Paulo
NCT02576574;EMD Serono Research & Development Institute, Inc.;IBCC - Instituto Brasileiro de Controle do Câncer;São Paulo
NCT02576574;EMD Serono Research & Development Institute, Inc.;INCA - Instituto Nacional de Câncer;Rio de Janeiro
NCT01581918;Faculdade de Medicina do ABC;ABC Medical School;Santo André
NCT01132638;Takeda;Investigational site;Belo Horizonte/MG
NCT01132638;Takeda;Investigational site;Curitiba/PR
NCT01132638;Takeda;Investigational site;Goiânia/GO
NCT01132638;Takeda;Investigational site;Porto Alegre/RS
NCT01132638;Takeda;Investigational site;Ribeirão Preto/SP
NCT01132638;Takeda;Investigational site;Rio de Janeiro/RJ
NCT01132638;Takeda;Investigational site;Salvador/BA
NCT01132638;Takeda;Investigational site;Santo André/SP
NCT01132638;Takeda;Investigational site;São Paulo/SP
NCT06132958;Merck Sharp & Dohme LLC;Hospital São Domingos ( Site 1365);São Luís
NCT06132958;Merck Sharp & Dohme LLC;Centro Oncologico do Triangulo ( Site 1360);Uberlândia
NCT06132958;Merck Sharp & Dohme LLC;Hospital Moinhos de Vento ( Site 1359);Porto Alegre
NCT06132958;Merck Sharp & Dohme LLC;Instituto Joinvilense de Hematologia e Oncologia ( Site 1353);Joinville
NCT06132958;Merck Sharp & Dohme LLC;Instituto de Ensino e Pesquisa ( Site 1355);Sorocaba
NCT06132958;Merck Sharp & Dohme LLC;Instituto de Educação, Pesquisa e Gestão em Saúde ( Site 1352);Rio de Janeiro
NCT06132958;Merck Sharp & Dohme LLC;Hospital Samaritano De Sao Paulo ( Site 1367);São Paulo
NCT06132958;Merck Sharp & Dohme LLC;A. C. Camargo Cancer Center ( Site 1351);São Paulo
NCT06132958;Merck Sharp & Dohme LLC;IBCC - Núcleo de Pesquisa e Ensino ( Site 1366);São Paulo
NCT02949089;Ache Laboratorios Farmaceuticos S.A.;UNIFAC;Fortaleza
NCT02434068;University of Sao Paulo General Hospital;University of Sao Paulo General Hospital;São Paulo
NCT02091050;AC Camargo Cancer Center;AC Camargo Cancer Center;São Paulo
NCT01102621;Hospital A.C. Camargo;Hospital A C Camargo;São Paulo
NCT00930514;Hoffmann-La Roche;;Porto Alegre
NCT00930514;Hoffmann-La Roche;;Barretos
NCT00930514;Hoffmann-La Roche;;São Paulo
NCT00930514;Hoffmann-La Roche;;São Paulo
NCT04116216;Universidade Federal de Pernambuco;Applied Neuroscience Laboratory;Recife
NCT03215706;Bristol-Myers Squibb;Local Institution - 0068;Natal
NCT03215706;Bristol-Myers Squibb;Local Institution - 0063;Ijuí
NCT03215706;Bristol-Myers Squibb;Local Institution - 0067;Porto Alegre
NCT03215706;Bristol-Myers Squibb;Local Institution - 0069;Blumenau
NCT03215706;Bristol-Myers Squibb;Local Institution - 0064;Barretos
NCT03215706;Bristol-Myers Squibb;Local Institution - 0065;São José do Rio Preto
NCT03215706;Bristol-Myers Squibb;Local Institution - 0066;Rio de Janeiro
NCT03215706;Bristol-Myers Squibb;Local Institution - 0070;São Paulo
NCT02715804;Halozyme Therapeutics;CENANTRON - Centro Avançado de Tratamento Oncologico;Belo Horizonte
NCT02715804;Halozyme Therapeutics;Hospital da Cidade de Passo Fundo;Passo Fundo
NCT02715804;Halozyme Therapeutics;Hospital de Clinicas de Porto Alegre - UFRGS;Porto Alegre
NCT02715804;Halozyme Therapeutics;Hospital São Lucas da PUCRS;Porto Alegre
NCT02715804;Halozyme Therapeutics;Occ -Oncologia Clínica De Campinas;Campinas
NCT02715804;Halozyme Therapeutics;Fundação Amaral Cravalho / Hospital Amaral Carvalho;Jaú
NCT02715804;Halozyme Therapeutics;Fm Abc/ Cepho;Santo André
NCT02715804;Halozyme Therapeutics;Faculdade de Medicina da Universidade de Sao Paulo;São Paulo
NCT02715804;Halozyme Therapeutics;Fundacao Pio XII Hospital De Câncer de Barretos;Barretos
NCT02715804;Halozyme Therapeutics;Instituto COI;Rio de Janeiro
NCT02715804;Halozyme Therapeutics;Instituto Nacional de Câncer - INCA;Rio de Janeiro
NCT04495426;The Methodist Hospital Research Institute;Universidade Federal do Paraná;Paraná
NCT04495426;The Methodist Hospital Research Institute;Hospital de Clinicas de Porto Alegre;Porto Alegre
NCT01264185;HIV Prevention Trials Network;Instituto de Pesquisa Clinicaq Evandro Chagas CRS;Manguinhos
NCT00740285;Federal University of São Paulo;Universidade Federal de São Paulo;São Paulo
NCT01947335;InCor Heart Institute;Heart Institute - InCor. University of Sao Paulo Medical School;São Paulo
NCT04783493;University of Sao Paulo General Hospital;University of São Paulo;São Paulo
NCT03696706;University of Nove de Julho;UniNove;São Paulo
NCT02212184;Helga Cecília Muniz de Souza;UFPernambuco;Recife
NCT03045133;Pontificia Universidade Catolica de Sao Paulo;Santa Lucinda Hospital;Sorocaba
NCT05953155;Federal University of Minas Gerais;IPSEMG - Instituto de Previdência dos Servidores do Estado de Minas Gerais;Belo Horizonte
NCT05910515;McGill University Health Centre/Research Institute of the McGill University Health Centre;Medical schools in Brazil;Belo Horizonte
NCT01863576;Evandro Chagas Institute of Clinical Research;Evandro Chagas Institute of Clinical Research;Rio de Janeiro
NCT04124263;Federal University of Bahia;Farmácia Escola da UFBA, campus Anísio Teixeira;Vitória da Conquista
NCT01623063;University of Sao Paulo;Hospital das Clinicas;São Paulo
NCT04738487;Merck Sharp & Dohme LLC;Hospital São Carlos-Oncocentro Ce ( Site 0208);Fortaleza
NCT04738487;Merck Sharp & Dohme LLC;Liga Norte Riograndense Contra o Câncer-Centro de Pesquisa Clínica ( Site 0201);Natal
NCT04738487;Merck Sharp & Dohme LLC;ONCOSITE - Centro de Pesquisa Clinica em Oncologia ( Site 0206);Ijuí
NCT04738487;Merck Sharp & Dohme LLC;Irmandade da Santa Casa de Misericórdia de Porto Alegre-Centro de Pesquisa Novos Tratamentos em Cân;Porto Alegre
NCT04738487;Merck Sharp & Dohme LLC;CEPEN - Centro de Pesquisa e Ensino em Oncologia de Santa Catarina ( Site 0209);Florianópolis
NCT04738487;Merck Sharp & Dohme LLC;Instituto Nacional de Câncer José Alencar Gomes da Silva - INCA ( Site 0204);Rio de Janeiro
NCT04738487;Merck Sharp & Dohme LLC;ICESP - INSTITUTO DO CÂNCER DO ESTADO DE SÃO PAULO-Pesquisa Clinica ( Site 0200);São Paulo
NCT04738487;Merck Sharp & Dohme LLC;Núcleo de Pesquisa Clínica da Rede São Camilo ( Site 0207);São Paulo
NCT00119678;Bristol-Myers Squibb;Local Institution;Goiânia
NCT00119678;Bristol-Myers Squibb;Local Institution;Curitiba
NCT00119678;Bristol-Myers Squibb;Local Institution;Rio de Janeiro - Rj
NCT00119678;Bristol-Myers Squibb;Local Institution;Campinas
NCT00119678;Bristol-Myers Squibb;Local Institution;São Paulo
NCT00119678;Bristol-Myers Squibb;Local Institution;São Paulo
NCT00119678;Bristol-Myers Squibb;Local Institution;São Paulo
NCT00119678;Bristol-Myers Squibb;Local Institution;São Paulo
NCT00106808;Bristol-Myers Squibb;Local Institution;B. Rodolfo Teofilo
NCT00106808;Bristol-Myers Squibb;Local Institution;Porto Alegre
NCT00106808;Bristol-Myers Squibb;Local Institution;Cerq. Cesar
NCT00106808;Bristol-Myers Squibb;Local Institution;Guama
NCT00106808;Bristol-Myers Squibb;Local Institution;Paulistânia
NCT00106808;Bristol-Myers Squibb;Local Institution;Rua Maestro
NCT00106808;Bristol-Myers Squibb;Local Institution;Ruo Maestro Cardim
NCT00106808;Bristol-Myers Squibb;Local Institution;Vila Mariana
NCT00308308;Mannkind Corporation;Hospital de Clinicas de Porto Alegre;Porto Alegre
NCT00308308;Mannkind Corporation;Hospital Sao Lucas da PUCRS;Porto Alegre
NCT00308308;Mannkind Corporation;CPClin-Centro de Pesquisas Clinicas;São Paulo
NCT00308308;Mannkind Corporation;Universidade Estabual de Maringa;Maringa Parana
NCT00308308;Mannkind Corporation;Nucleo de Medicina Integrada;Mogi das Cruzes
NCT00308308;Mannkind Corporation;Instituto Estadual De Diabetes e Endocrinologia Luis Capriglione;Rio de Janeiro
NCT00308308;Mannkind Corporation;Ccbr Brasil Centro de Analises e Pesquisas Clinicas Ltda;Rio de Janeiro
NCT00308308;Mannkind Corporation;Hospital Guilherme Alvaro;Santos
NCT00308308;Mannkind Corporation;Centro de Diabetes/UNIFESP-EPM;São Paulo
NCT00308308;Mannkind Corporation;Blumenau Servicos Medicos S/C Ltda;São Paulo
NCT00308308;Mannkind Corporation;Instituto de Pesquisa Clinica e Medicina Avancada;São Paulo
NCT02715817;Federal University of Bahia;Complex Hospital Professor Edgard Santos, Federal University of Bahia;Salvador
NCT02860689;Universidade Federal de Pernambuco;Josepha Karinne de Oliveira Ferro;Recife
NCT03485352;Federal University of Uberlandia;Cibele Aparecida Crispim;Uberlândia
NCT01037049;Royal Marsden NHS Foundation Trust;Hospital Alemão Oswaldo Cruz;São Paulo
NCT04122976;Bayer;Many Locations;Multiple Locations
NCT02880917;Hospital de Clinicas de Porto Alegre;Hospital de Clinicas de Porto Alegre;Porto Alegre
NCT05354817;Instituto do Cancer do Estado de São Paulo;ICESP;São Paulo
NCT00875212;Federal University of Paraíba;Health Science Centre at the Federal University of Paraiba;João Pessoa
NCT01475812;Federal University of São Paulo;Federal University of São Paulo;São Paulo
NCT01391819;GlaxoSmithKline;GSK Investigational Site;Fortaleza
NCT03656419;University of Nove de Julho;University of Nove de Julho;São Paulo
NCT04874012;Hospital de Clinicas de Porto Alegre;Hospital de Clínicas;Porto Alegre
NCT01461330;Hospital de Clinicas de Porto Alegre;Hospital de Clínicas de Porto Alegre;Porto Alegre
NCT01651819;Hospital Universitário Professor Edgard Santos;Hospital Universitário Prof. Edgard Santos;Salvador
NCT05352919;Biogen;HUWC - UFC - Hospital Universitário Walter Cantídio - Universidade Federal do Ceará;Fortaleza
NCT05352919;Biogen;Clínica SER da Bahia;Salvador
NCT05352919;Biogen;L2IP - Instituto de Pesquisas Clínicas Ltda.;Brasília
NCT05352919;Biogen;IPC MT Instituto de Pesquisas Clinicas do Mato Grosso;Santo Ângelo
NCT05352919;Biogen;Santa Casa de Misericordia de Belo Horizonte;Belo Horizonte
NCT05352919;Biogen;CMiP - Centro Mineiro de Pesquisa;Juiz de Fora
NCT05352919;Biogen;CETI - Centro de Estudos em Terapias Inovadoras Ltda.;Curitiba
NCT05352919;Biogen;LMK Serviços Médicos S/S Ltda;Porto Alegre
NCT05352919;Biogen;Fundacao Faculdade Regional de Medicina de Sao Jose do Rio Preto;Sao Jose Rio Preto
NCT05352919;Biogen;Centro Multidisciplinar de Estudos Clínicos - CEMEC;São Bernardo do Campo
NCT05352919;Biogen;CEPIC - Centro Paulista de Investigação Clínica e Serviços Médicos;São Paulo
NCT03186963;University of Sao Paulo;Institute of Orthopedics and Traumatology - University of Sao Paulo;São Paulo
NCT05101187;F2G Biotech GmbH;Hospital Felício Rocho;Belo Horizonte
NCT05101187;F2G Biotech GmbH;Santa Casa de Misericórdia de Belo Horizonte;Belo Horizonte
NCT05101187;F2G Biotech GmbH;Santa Casa de Misericórdia de Passos;Passos
NCT05101187;F2G Biotech GmbH;Hospital Erasto Gaertner - Liga Paranaense de Combate ao Câncer;Curitiba
NCT05101187;F2G Biotech GmbH;Irmandade da Santa Casa de Misericórdia de Porto Alegre;Porto Alegre
NCT05101187;F2G Biotech GmbH;Hospital de Clínicas de Porto Alegre;Porto Alegre
NCT05101187;F2G Biotech GmbH;Hospital São Lucas da PUCRS;Porto Alegre
NCT05101187;F2G Biotech GmbH;Hospital da Universidade Federal de Santa Maria CEP/UFSM;Santa Maria
NCT01207284;University of Sao Paulo General Hospital;Department of Speech, Physical Therapy and Occupational Therapy;São Paulo
NCT06404333;University of Oxford;Fundação de Dermatologia Tropical e Venereologia Alfredo da Matta (FUAM);Manaus
NCT02030652;Hospital Israelita Albert Einstein;Hospital Israelita Albert Einstein;São Paulo
NCT04973449;AstraZeneca;Research Site;Brasília
NCT04973449;AstraZeneca;Research Site;Curitiba
NCT04973449;AstraZeneca;Research Site;Natal
NCT04973449;AstraZeneca;Research Site;Natal
NCT04973449;AstraZeneca;Research Site;Porto Alegre
NCT04973449;AstraZeneca;Research Site;Salvador
NCT04669015;Genova Inc.;HCPA- Hospital de Clínicas de Porto Alegre;Alegre
NCT04669015;Genova Inc.;Fundação PIO XII Hospital de Amor de Barretos;Barretos
NCT04669015;Genova Inc.;Hospital Casa de Saúde Vera Cruz (Coordenador);Campinas
NCT04669015;Genova Inc.;Hospital São José;Criciúma
NCT04669015;Genova Inc.;Hospital das Clínicas UFG;Goiânia
NCT04669015;Genova Inc.;Hospital Geral Prof. Dr. Waldemar de Carvalho Pinto Filho de Guarulhos - BR TRIALS;Guarulhos
NCT04669015;Genova Inc.;Hospital Felício Rocho;Horizonte
NCT04669015;Genova Inc.;Centro de Pesquisas Clínicas da Fundação Doutor Amaral Carvalho;Jaú
NCT04669015;Genova Inc.;CePCLIN - Centro de Estudos e Pesquisas em Moléstias Infecciosas;Natal
NCT04669015;Genova Inc.;Hospital São Luiz de Jabaquara;Porto Alegre
NCT04669015;Genova Inc.;Santa Casa de Misericórdia de Porto Alegre;Porto Alegre
NCT04669015;Genova Inc.;Hospital 9 de Julho;São Paulo
NCT04669015;Genova Inc.;Hospital São Luiz de Jabaquara;São Paulo
NCT04669015;Genova Inc.;Instituto de Moléstias Cardiovalsculares Tatuí Ltda;Tatuí
NCT04669015;Genova Inc.;Lobus Centro de Pesquisa;Volta Redonda
NCT04669015;Genova Inc.;Lóbus Centro de Pesquisa Clínica;Volta Redonda
NCT04352543;Universidade Federal de Goias;UFG;Jatai
NCT01502215;University of Sao Paulo;Instituto do Cancer do Estado de Sao Paulo;São Paulo
NCT02433964;Universidade do Vale do Paraíba;Lasertherapy and Photobiology Center;São José dos Campos
NCT01376804;Hoffmann-La Roche;Universidade Federal de Sao Paulo - UNIFESP;São Paulo
NCT06073678;University of Sao Paulo;Bauru School of Dentistry;Bauru
NCT03662126;Kartos Therapeutics, Inc.;Centro de oncologia Leonardo da Vinci;Fortaleza
NCT03662126;Kartos Therapeutics, Inc.;Hospital Erasto Gaertner;Curitiba
NCT03662126;Kartos Therapeutics, Inc.;UNICAMP - Universidade Estadual de Campinas Hemocentro;Campinas
NCT03662126;Kartos Therapeutics, Inc.;Hospital das Clínicas UFG;Goiânia
NCT03662126;Kartos Therapeutics, Inc.;Fundacao Doutor Amaral Carvalho;Jaú
NCT03662126;Kartos Therapeutics, Inc.;Hospital de Clinicas de Porto Alegre - Centro de Pesquisa Clinica;Porto Alegre
NCT03662126;Kartos Therapeutics, Inc.;Associação Educadora São Carlos AESC - Hospital Mãe de Deus - Centro de Pesquisa;Porto Alegre
NCT03662126;Kartos Therapeutics, Inc.;Instituto de Ensino e Pesquisa São Lucas;São Paulo
NCT03662126;Kartos Therapeutics, Inc.;Hospital A C Camargo - Fundacao Antonio Prudente;São Paulo
NCT03662126;Kartos Therapeutics, Inc.;Instituto D'or de Pesquisa e Ensino;São Paulo
NCT03662126;Kartos Therapeutics, Inc.;Hospital das Clínicas da Universidade de São Paulo;São Paulo
NCT03662126;Kartos Therapeutics, Inc.;Instituto COI São Paulo;São Paulo
NCT01673867;Bristol-Myers Squibb;Local Institution - 0056;Fortaleza
NCT01673867;Bristol-Myers Squibb;Local Institution - 0054;Salvador
NCT01673867;Bristol-Myers Squibb;Local Institution - 0053;Porto Alegre
NCT01673867;Bristol-Myers Squibb;Local Institution - 0055;Porto Alegre
NCT01673867;Bristol-Myers Squibb;Local Institution - 0052;Barretos
NCT01673867;Bristol-Myers Squibb;Local Institution - 0051;Rio de Janeiro
NCT00309244;Mannkind Corporation;Hospital de Clinicas de Porto Alegre;Porto Alegre
NCT00309244;Mannkind Corporation;Hospital Sao Lucas da PUCRS;Porto Alegre
NCT00309244;Mannkind Corporation;CPClin-Centro de Pesquisas Clinicas;São Paulo
NCT00309244;Mannkind Corporation;Universidade Estabual de Maringa;Maringa Parana
NCT00309244;Mannkind Corporation;Nucleo de Medicina Integrada;Mogi das Cruzes
NCT00309244;Mannkind Corporation;Instituto Estadual De Diabetes e Endocrinologia Luis Capriglione;Rio de Janeiro
NCT00309244;Mannkind Corporation;Ccbr Brasil Centro de Analises e Pesquisas Clinicas Ltda;Rio de Janeiro
NCT00309244;Mannkind Corporation;Hospital Guilherme Alvaro;Santos
NCT00309244;Mannkind Corporation;Hospital do Rim e Hipertensao;São Paulo
NCT00309244;Mannkind Corporation;Instituto da Saude e Bem Estar da Mulher;São Paulo
NCT00309244;Mannkind Corporation;Blumenau Servicos Medicos S/C Ltda;São Paulo
NCT00309244;Mannkind Corporation;Centro de Pesquisa Clinica e Medicina Avancada;São Paulo
NCT04247893;University of Nove de Julho;University of Nove de Julho;São Paulo
NCT05413993;University of Nove de Julho;Nove de Julho Univ;São Paulo
NCT04469621;Sanofi;Investigational Site Number 0760003;Porto Alegre
NCT04469621;Sanofi;Investigational Site Number 0760001;São José do Rio Preto
NCT04469621;Sanofi;Investigational Site Number 0760002;São Paulo
NCT04167358;GlaxoSmithKline;GSK Investigational Site;Porto Alegre
NCT04167358;GlaxoSmithKline;GSK Investigational Site;Botucatu
NCT04167358;GlaxoSmithKline;GSK Investigational Site;Brasília
NCT04167358;GlaxoSmithKline;GSK Investigational Site;Salvador
NCT04629248;Hoffmann-La Roche;Ser Servicos Especializados Em Reumatologia;Salvador
NCT04629248;Hoffmann-La Roche;Hospital de Base de Sao Jose do Rio Preto;São José do Rio Preto
NCT04629248;Hoffmann-La Roche;Hospital do Rim e Hipertensão - Fundação Oswaldo Ramos;São Paulo
NCT04629248;Hoffmann-La Roche;Hospital das Clinicas - FMUSP;São Paulo
NCT04697615;São Paulo State University;University of Sao Paulo State;Presidente Prudente
NCT01196611;Federal University of São Paulo;Universidade Federal de Sao Paulo;São Paulo
NCT02555878;Janssen Research & Development, LLC;;Barretos
NCT02555878;Janssen Research & Development, LLC;;Caxias do Sul
NCT02555878;Janssen Research & Development, LLC;;Curitiba
NCT02555878;Janssen Research & Development, LLC;;Itajaí
NCT02555878;Janssen Research & Development, LLC;;Lajeado
NCT02555878;Janssen Research & Development, LLC;;Londrina
NCT02555878;Janssen Research & Development, LLC;;Mogi das Cruzes
NCT02555878;Janssen Research & Development, LLC;;Porto Alegre
NCT02555878;Janssen Research & Development, LLC;, Porto Alegre;Rs
NCT02555878;Janssen Research & Development, LLC;;Rio de Janeiro
NCT02555878;Janssen Research & Development, LLC;;Santo André
NCT02555878;Janssen Research & Development, LLC;;São José do Rio Preto
NCT02555878;Janssen Research & Development, LLC;;São Paulo
NCT02555878;Janssen Research & Development, LLC;;Sorocaba
NCT06420011;AstraZeneca;Research Site;Joinville
NCT06420011;AstraZeneca;Research Site;Porto Alegre
NCT03883763;Cristália Produtos Químicos Farmacêuticos Ltda.;CEPEC;São Luís
NCT04393038;Abivax S.A.;Fundacao de Medicina Tropical Doutor Heitor Vieira Dourado - Instituto de Pesquisa Clínica Carlos Borborema;Manaus
NCT04393038;Abivax S.A.;Centro Oncológico de Roraima - CECOR - NAP;Boa Vista
NCT04393038;Abivax S.A.;Hospital das Clinicas da FMUSP;São Paulo
NCT04393038;Abivax S.A.;Instituto Nacional de Infectologia Evandro Chagas - FIOCRUZ Rio de Janeiro;Rio de Janeiro
NCT04393038;Abivax S.A.;Conjunto Hospitalar do Mandaqui;São Paulo
NCT03979755;University of Sao Paulo;University of São Paulo;Ribeirão Preto
NCT03373526;Daniel Godoy Martinez;University Hospital-EBSERH;Juiz de Fora
NCT00774930;Ipsen;Biocancer - Centro de Pesquisa e Tratamento do Câncer;Belo Horizonte
NCT00774930;Ipsen;Hospital LifeCenter;Belo Horizonte
NCT00774930;Ipsen;Oxion Medicina Oncológica;Belo Horizonte
NCT00774930;Ipsen;Hospital Universitário de Brasilia;Brasília
NCT00774930;Ipsen;Hospital Erasto Gaertner;Curitiba
NCT00774930;Ipsen;Irmandade da Santa Casa de Misericórdia de Porto Alegre;Porto Alegre
NCT00774930;Ipsen;Hospital de Base de São José do Rio Preto;São José do Rio Preto
NCT01489111;Novo Nordisk A/S;Novo Nordisk Investigational Site;Campinas
NCT00611364;Universidade Federal de Goias;Liga de Hipertensão Arterial da Universidade Federal de Goiás;Goiânia
NCT03111199;Wouber Hérickson de Brito Vieira;Federal University of Rio Grande do Norte;Natal
NCT01724021;Hoffmann-La Roche;;Belo Horizonte
NCT01724021;Hoffmann-La Roche;;Juiz de Fora
NCT01724021;Hoffmann-La Roche;;Varginha
NCT01724021;Hoffmann-La Roche;;Curitiba
NCT01724021;Hoffmann-La Roche;;Londrina
NCT01724021;Hoffmann-La Roche;;Recife
NCT01724021;Hoffmann-La Roche;;Caxias do Sul
NCT01724021;Hoffmann-La Roche;;Novo Hamburgo
NCT01724021;Hoffmann-La Roche;;Santa Maria
NCT01724021;Hoffmann-La Roche;;Santo André
NCT01724021;Hoffmann-La Roche;;São José do Rio Preto
NCT06020014;AstraZeneca;Research Site;Barretos
NCT06020014;AstraZeneca;Research Site;Blumenau
NCT06020014;AstraZeneca;Research Site;Campinas
NCT06020014;AstraZeneca;Research Site;Campinas
NCT06020014;AstraZeneca;Research Site;Porto Alegre
NCT06020014;AstraZeneca;Research Site;Porto Alegre
NCT06020014;AstraZeneca;Research Site;São Bernardo do Campo
NCT06020014;AstraZeneca;Research Site;São Bernardo do Campo
NCT06020014;AstraZeneca;Research Site;São José do Rio Preto
NCT02390206;Ipsen;Hospital Bettina Ferro de Souza Campus IV da Universidade Federal do Pará;Belém
NCT02390206;Ipsen;Centro Catarinense de Reabilitação;Florianópolis
NCT02390206;Ipsen;Centro de Reabilitação e Readaptação Dr. Henrique Santillo;Goiânia
NCT02390206;Ipsen;Clinica Neurológica e Neurocirúrgica de Joinville;Joinville
NCT02390206;Ipsen;Hospital das Clínicas da Faculdade de Medicina de Ribeirão Preto;Ribeirão Preto
NCT02390206;Ipsen;Hospital Universitário Clementino Fraga Filho (HUCFF);Rio de Janeiro
NCT02390206;Ipsen;Instituto de Reabilitação Lucy Montoro - FAMERP;São José do Rio Preto
NCT02390206;Ipsen;Irmandade da Santa Casa de Misericórida de São Paulo;São Paulo
NCT02390206;Ipsen;Hospital Alemão Oswaldo Cruz;São Paulo
NCT02390206;Ipsen;Hospital São Paulo - UNIFESP;São Paulo
NCT02390206;Ipsen;HCSP - Complexo Hospital das Clinicas Instituto de Medicina Fisica e Reabilitação;São Paulo
NCT00757458;University of Sao Paulo;Universidade de Sao Paulo Hospital das Clinicas;São Paulo
NCT00656721;Universidade Federal do Rio de Janeiro;Universidade Federal do Rio de Janeiro;Rio de Janeiro
NCT00656721;Universidade Federal do Rio de Janeiro;Hospital Universitário Clementino Fraga Filho;Rio de Janeiro
NCT03198806;Universidade Estadual Paulista Júlio de Mesquita Filho;Luiz Carlos Marques Vanderlei;Presidente Prudente
NCT06559306;Janssen Research & Development, LLC;L2IP Instituto de Pesquisas Clinicas;Brasília
NCT06559306;Janssen Research & Development, LLC;CAEP Centro Avancado De Estudos E Pesquisas;Campinas
NCT06559306;Janssen Research & Development, LLC;Sociedade Literaria e Caritativa Santo Agostinho Hospital Sao Jose;Criciúma
NCT06559306;Janssen Research & Development, LLC;Universidade Federal do Rio Grande do Norte Hospital Universitario Onofre Lopes;Natal
NCT06559306;Janssen Research & Development, LLC;Instituto Mederi de Pesquisa e Saude;Passo Fundo
NCT06559306;Janssen Research & Development, LLC;Hospital De Clinicas De Porto Alegre;Porto Alegre
NCT06559306;Janssen Research & Development, LLC;NPCRS Nucleo de Pesquisa Clinica do Rio Grande do Sul;Porto Alegre
NCT06559306;Janssen Research & Development, LLC;Uniao Brasileira de Educacao e Assistencia INSCER Instituto do Cerebro do Rio Grande do Sul;Porto Alegre
NCT06559306;Janssen Research & Development, LLC;Ruschel Medicina e Pesquisa Clínica Ltda;Rio de Janeiro
NCT06559306;Janssen Research & Development, LLC;Centro Integrado Facili;São Bernardo do Campo
NCT06559306;Janssen Research & Development, LLC;CPQuali Pesquisa Clinica LTDA ME;São Paulo
NCT06559306;Janssen Research & Development, LLC;BR Trials;São Paulo
NCT02961049;Federal University of Uberlandia;Federal University of Uberlandia;Uberlândia
NCT06970964;Federal University of São Paulo;Federal University of Sao Paulo;São Paulo
NCT06934798;University of Sao Paulo;Instituto do Coração HCFMUSP;São Paulo
NCT02372214;University of Sao Paulo General Hospital;Clinics Hospital of São Paulo University Medical School;São Paulo
NCT02236247;University of Sao Paulo;Heart Failure Unit, Heart Institute, University of Sao Paulo Medical School;São Paulo
NCT04793958;Mirati Therapeutics Inc.;Local Institution - 010-446;Ijuí
NCT04793958;Mirati Therapeutics Inc.;Local Institution - 010-443;Porto Alegre
NCT04793958;Mirati Therapeutics Inc.;Local Institution - 010-450;Blumenau
NCT04793958;Mirati Therapeutics Inc.;Local Institution - 010-442;Curitiba
NCT04793958;Mirati Therapeutics Inc.;Local Institution - 010-449;Liberdade
NCT04793958;Mirati Therapeutics Inc.;Local Institution - 010-444;Santo André
NCT04793958;Mirati Therapeutics Inc.;Local Institution - 010-440;São José do Rio Preto
NCT04793958;Mirati Therapeutics Inc.;Local Institution - 010-441;São Paulo
NCT04793958;Mirati Therapeutics Inc.;Local Institution - 010-445;São Paulo
NCT04793958;Mirati Therapeutics Inc.;Local Institution - 010-447;São Paulo
NCT01129492;University of Sao Paulo General Hospital;University of Sao Paulo General Hospital;São Paulo
NCT03645538;Universidade Federal de Pernambuco;Applied Neuroscience Laboratory;Recife
NCT03645538;Universidade Federal de Pernambuco;Applied Neuroscience Laboratory;Recife
NCT03846518;Pontifícia Universidade Católica de Minas Gerais;Pontifícia Universidade Católica de Minas Gerais;Belo Horizonte
NCT00359879;AstraZeneca;Research Site;Campinas
NCT00359879;AstraZeneca;Research Site;Curitiba
NCT00359879;AstraZeneca;Research Site;Fortaleza
NCT00359879;AstraZeneca;Research Site;Goiânia
NCT00359879;AstraZeneca;Research Site;Porto Alegre
NCT00359879;AstraZeneca;Research Site;Rio de Janeiro
NCT00359879;AstraZeneca;Research Site;Salvador
NCT00359879;AstraZeneca;Research Site;São José do Rio Preto
NCT00359879;AstraZeneca;Research Site;São Paulo
NCT05418179;Universidade Federal de Santa Catarina;Polydoro Ernani de São Thiago University Hospital;Florianópolis
NCT05598203;Hospital de Clinicas de Porto Alegre;Hospital de Clinicas de Porto Alegre;Porto Alegre
NCT05598203;Hospital de Clinicas de Porto Alegre;Universidade Federal do Rio Grande do Sul;Porto Alegre
NCT02146027;University of Sao Paulo General Hospital;University of Sao Paulo - General Hospital;São Paulo
NCT00604747;University of Sao Paulo;Camila Torriani;São Paulo
NCT05776147;Latin American Cooperative Oncology Group;ICC - Instituto do Câncer do Ceará;Fortaleza
NCT05776147;Latin American Cooperative Oncology Group;Hospital Sírio-Libanês DF;Brasília
NCT05776147;Latin American Cooperative Oncology Group;Hospital Márcio Cunha da Fundação São Francisco Xavier (HMC-FSFX);Ipatinga
NCT05776147;Latin American Cooperative Oncology Group;Oncominas - Clínica de Oncologia no Sul de Minas;Pouso Alegre
NCT05776147;Latin American Cooperative Oncology Group;Real Hospital Português de Beneficência em Pernambuco;Recife
NCT05776147;Latin American Cooperative Oncology Group;Hospital das Clínicas da Faculdade de Medicina de Ribeirão Preto - USP;Ribeirão Preto
NCT05776147;Latin American Cooperative Oncology Group;Instituto COI - Clínicas Oncológicas Integradas (Instituto Américas RJ);Rio de Janeiro
NCT05776147;Latin American Cooperative Oncology Group;Hospital Sírio-Libanês SP;São Paulo
NCT05776147;Latin American Cooperative Oncology Group;HAOC - Hospital Alemão Oswaldo Cruz;São Paulo
NCT05776147;Latin American Cooperative Oncology Group;BP - A Beneficência Portuguesa de São Paulo;São Paulo
NCT05776147;Latin American Cooperative Oncology Group;A.C. Camargo Cancer Center;São Paulo
NCT00241449;AstraZeneca;Research Site;Belo Horizonte
NCT00241449;AstraZeneca;Research Site;Goiânia
NCT00241449;AstraZeneca;Research Site;São Paulo
NCT05011058;Viracta Therapeutics, Inc.;CEPEVILLE - Instituto Joinvilense de Hematologia e Oncologia;Joinville
NCT05011058;Viracta Therapeutics, Inc.;Ruschel Medicina e Pesquisa Clinica;Rio de Janeiro
NCT05011058;Viracta Therapeutics, Inc.;CEPHO - Centro de Estudos e Pesquisas de Hematologia e Oncologia;Santo André
NCT05011058;Viracta Therapeutics, Inc.;CIPE Centro Internacional de Pesquisa - AC Camargo Cancer Center;São Paulo
NCT05011058;Viracta Therapeutics, Inc.;HCFMUSP - Hospital das Clínicas da Faculdade de Medicina Universidade de São Paulo;São Paulo
NCT05182840;Boehringer Ingelheim;Hospital Universitário João de Barros Barreto;Belém
NCT05182840;Boehringer Ingelheim;Faculdade de Medicina de Botucatu - UNESP;Botucatu
NCT05182840;Boehringer Ingelheim;Fundação Pró Renal Brasil;Curitiba
NCT05182840;Boehringer Ingelheim;Universidade Federal do Rio Grande do Sul;Porto Alegre
NCT05182840;Boehringer Ingelheim;Ruschel Medicina e Pesquisa Clínica;Rio de Janeiro
NCT05182840;Boehringer Ingelheim;CEMEC - Centro Multidisciplinar de Estudos Clínicos;São Bernardo do Campo
NCT05182840;Boehringer Ingelheim;BR Trials;São Paulo
NCT05182840;Boehringer Ingelheim;Centro de Pesquisa Clinica - CPCLIN;São Paulo
NCT05182840;Boehringer Ingelheim;Hospital do RIM - UNIFESP;São Paulo
NCT01431989;GlaxoSmithKline;GSK Investigational Site;Goiânia
NCT01659268;University of Sao Paulo;College of Nursing at Ribeirao Preto - University of Sao Paulo;Ribeirão Preto
NCT06128590;University of Nove de Julho;Anna Carolina R.T. Horliana;São Paulo
NCT02761590;Universidade Federal de Sao Carlos;Federal University of São Carlos;São Carlos
NCT04575597;Merck Sharp & Dohme LLC;Chronos Pesquisa Clínica ( Site 0155);Brasília
NCT04575597;Merck Sharp & Dohme LLC;Santa Casa de Misericordia de Belo Horizonte ( Site 0150);Belo Horizonte
NCT04575597;Merck Sharp & Dohme LLC;Hospital de Clinicas da Universidade Federal do Parana ( Site 0154);Curitiba
NCT04575597;Merck Sharp & Dohme LLC;Hospital Tacchini ( Site 0157);Bento Gonçalves
NCT04575597;Merck Sharp & Dohme LLC;FUNFARME Hospital de Base Centro Integrado de Pesquisa ( Site 0151);São José do Rio Preto
NCT04575597;Merck Sharp & Dohme LLC;Instituto de Infectologia Emilio Ribas ( Site 0153);São Paulo
NCT04575597;Merck Sharp & Dohme LLC;Centro de Pesquisa Clinica II - ICHC - FMUSP ( Site 0152);São Paulo
NCT03433482;GlaxoSmithKline;GSK Investigational Site;Salvador
NCT03433482;GlaxoSmithKline;GSK Investigational Site;Natal
NCT03433482;GlaxoSmithKline;GSK Investigational Site;Rio de Janeiro
NCT03433482;GlaxoSmithKline;GSK Investigational Site;São Paulo
NCT03433482;GlaxoSmithKline;GSK Investigational Site;São Paulo
NCT06551324;Pfizer;Hospital São Carlos;Fortaleza
NCT06551324;Pfizer;Crio - Centro Regional Integrado de Oncologia;Fortaleza
NCT06551324;Pfizer;Hospital São Lucas da PUCRS;Porto Alegre
NCT06551324;Pfizer;CEPHO - Centro de Estudos e Pesquisas de Hematologia e Oncologia;Santo André
NCT06551324;Pfizer;Hospital de Base de São José do Rio Preto;São José do Rio Preto
NCT06551324;Pfizer;Fundação Faculdade Regional de Medicina de São José do Rio Preto;São José do Rio Preto
NCT06551324;Pfizer;Hospital Alemao Oswaldo Cruz;São Paulo
NCT06551324;Pfizer;Instituto do Cancer Arnaldo Vieira de Carvalho;São Paulo
NCT06551324;Pfizer;IBCC - Núcleo de Pesquisa e Ensino;São Paulo
NCT02573324;AbbVie;Liga Norte Riograndense Contra o Câncer /ID# 143878;Natal
NCT02573324;AbbVie;Hospital Sao Lucas da PUCRS /ID# 143879;Porto Alegre
NCT02573324;AbbVie;Fundacao Pio XII - Hospital de Cancer de Barretos /ID# 143876;Barretos
NCT02573324;AbbVie;Instituto do Câncer do Estado de São Paulo - ICESP /ID# 144031;São Paulo
NCT02573324;AbbVie;Instituto Nacional de Câncer José Alencar Gomes da Silva (INCA) /ID# 143877;Rio de Janeiro
NCT06131424;AstraZeneca;Research Site;São Paulo
NCT04583280;Janssen Research & Development, LLC;Santa Casa de Misericordia de Belo Horizonte;Belo Horizonte
NCT04583280;Janssen Research & Development, LLC;Fundacao para o Desenvolvimento Medico Hospitalar (UNESP Botucatu);Botucatu
NCT04583280;Janssen Research & Development, LLC;Sociedade Campineira de Educacao e Instrucao Hospital e Maternidade Celso Pierro;Campinas
NCT04583280;Janssen Research & Development, LLC;Nucleo de Pesquisa do Hospital Pequeno Princípe;Curitiba
NCT04583280;Janssen Research & Development, LLC;Secretaria da Saude do Estado do Ceara - Hospital Doutor Carlos Alberto Studart Gomes;Fortaleza
NCT04583280;Janssen Research & Development, LLC;Associacao Hospitalar Moinhos de Vento;Porto Alegre
NCT04583280;Janssen Research & Development, LLC;Hospital Das Clinicas Da Faculdade De Medicina De RPUSP HCRP;Ribeirão Preto
NCT04583280;Janssen Research & Development, LLC;Fundacao Jose Luiz Egydio Setubal;São Paulo
NCT04583280;Janssen Research & Development, LLC;Santa Casa de Misericórdia de Votuporanga;Votuporanga
NCT06629779;Pfizer;Oncocentro Servico Medicos e Hospitalares Ltda;Fortaleza
NCT06629779;Pfizer;Hospital São Carlos;Fortaleza
NCT06629779;Pfizer;Oncocentro Oncologia;Fortaleza
NCT06629779;Pfizer;Crio - Centro Regional Integrado de Oncologia;Fortaleza
NCT06629779;Pfizer;Instituto D'Or de Pesquisa e Ensino (IDOR) - Filial Salvador;Salvador
NCT06629779;Pfizer;Liga Norte Riograndense Contra o Câncer;Natal
NCT06629779;Pfizer;Hospital São Lucas da PUCRS;Porto Alegre
NCT06629779;Pfizer;MedPlex Eixo Norte;Porto Alegre
NCT06629779;Pfizer;Hospital Nossa Senhora da Conceição;Porto Alegre
NCT06629779;Pfizer;Fundação Pio XII - Hospital de Câncer de Barretos;Barretos
NCT06629779;Pfizer;CEPHO - Centro de Estudos e Pesquisas de Hematologia e Oncologia;Santo André
NCT06629779;Pfizer;Fundação Faculdade Regional de Medicina de São José do Rio Preto;São José do Rio Preto
NCT06629779;Pfizer;Hospital Alemao Oswaldo Cruz;São Paulo
NCT06629779;Pfizer;IBCC - Núcleo de Pesquisa e Ensino;São Paulo
NCT03377959;Federal University of Rio Grande do Sul;Laboratório de Pesquisa do Exercício;Porto Alegre
NCT01229085;Azidus Brasil;LAL Clinica Pesquisa e Desenvolvimento Ltda.;Valinhos
NCT04161885;AbbVie;Hospital de Clinicas de Porto Alegre /ID# 215042;Porto Alegre
NCT04161885;AbbVie;Hospital Amaral Carvalho - Fundacao Doutor Amaral Carvalho /ID# 215145;Jaú
NCT04161885;AbbVie;Hospital Nove de Julho /ID# 242359;São Paulo
NCT04161885;AbbVie;Hospital das Clinicas da Faculdade de Medicina da Universidade de Sao /ID# 239516;São Paulo
NCT02025491;Hospital Universitário Professor Edgard Santos;HUPES;Salvador
NCT02386280;Federal University of Health Science of Porto Alegre;FUHSPortoAlegre;Porto Alegre
NCT06633679;Linkoeping University;University of São Paulo - Department of Psychology, Faculty of Philosophy, Sciences and Languages of Ribeirão Preto;Ribeirão Preto
NCT01499355;Biogen;Research Site;Cuiabá
NCT01499355;Biogen;Research Site;São Paulo
NCT01347008;Federal University of São Paulo;Systemic Sclerosis Outpatient Clinic, Hospital Sao Paulo, UNIFESP;São Paulo
NCT01575340;Universidade Federal de Santa Catarina;Centro de Pesquisas Oncológicas - CEPON;Florianópolis
NCT04524689;Sanofi;Centro Avancado de Oncologia CECAN - Liga Contra o Cancer Site Number : 0760004;Natal
NCT06891950;Butantan Institute;Centro de Pesquisa 1 (POA01): Hospital São Lucas - PUCRS;Porto Alegre
NCT03343418;Instituto do Coracao;Incor - Heart Institute - University of Sao Paulo;São Paulo
NCT04003688;University of Sao Paulo General Hospital;Hospital das Clínicas - Faculdade de Medicina da Universidade de Sao Paulo;São Paulo
NCT03506386;Takeda;Centro de Hematologia e Oncologia (CEHON);Salvador
NCT03506386;Takeda;Hospital Sao Rafael;Salvador
NCT03506386;Takeda;Hospital das Clinicas da UFG;Goiânia
NCT03506386;Takeda;Hospital das Clinicas da UFMG;Belo Horizonte
NCT03506386;Takeda;Fundacao IMEPEN;Juiz de Fora
NCT03506386;Takeda;Clinica de Tratamento e Pesquisa em Hematologia LTDA.;Cuiabá
NCT03506386;Takeda;Hospital das Clinicas da UFPR;Curitiba
NCT03506386;Takeda;CIONC - Centro Integrado de Oncologia de Curitiba;Curitiba
NCT03506386;Takeda;Universidade Federal do Rio de Janeiro;Rio de Janeiro
NCT03506386;Takeda;Hospital Sao Vicente de Paulo;Passo Fundo
NCT03506386;Takeda;Hospital de Clinicas de Porto Alegre;Porto Alegre
NCT03506386;Takeda;Centro de Pesquisas Oncologicas (CEPON);Florianópolis
NCT03506386;Takeda;Hospital Amaral Carvalho;Jaú
NCT03506386;Takeda;Hospital do Servidor Publico de SP;São Paulo
NCT03506386;Takeda;Clinica Sao Germano;São Paulo
NCT03506386;Takeda;Hospital das Clinicas da FMUSP;São Paulo
NCT03506386;Takeda;Casa de Saude Santa Marcelina;São Paulo
NCT03468673;University Paris 7 - Denis Diderot;Center of treatment HIV/Aids - Brazil;São Paulo
NCT03104374;AbbVie;CIP - Centro Internacional de Pesquisa /ID# 161808;Goiânia
NCT03104374;AbbVie;Faculdade de Medicina do ABC /ID# 163489;Santo André
NCT03104374;AbbVie;Hospital de Clínicas da Universidade Federal de Uberlândia /ID# 161794;Uberlândia
NCT03104374;AbbVie;Hospital de Clinicas de Porto Alegre /ID# 161795;Porto Alegre
NCT03104374;AbbVie;LMK Sevicos Medicos S/S /ID# 161806;Porto Alegre
NCT03104374;AbbVie;Duplicate_Hospital das Clinicas da Faculdade de Medicina de Ribeirao Preto - USP /ID# 163317;Ribeirão Preto
NCT03104374;AbbVie;Hospital das Clinicas da Faculdade de Medicina da Universidade de Sao /ID# 161793;São Paulo
NCT01975103;Federal University of Rio Grande do Sul;Instituto de Oftalmologia Lavinsky;Porto Alegre
NCT02164227;Universidade Federal de Pernambuco;Maternidade Professor Bandeira Filho;Recife
NCT04980586;Hospital de Clinicas de Porto Alegre;Hospital de Clínicas de Porto Alegre (HCPA);Porto Alegre
NCT00338286;Janssen Research & Development, LLC;;Barretos
NCT00338286;Janssen Research & Development, LLC;;Curitiba
NCT00338286;Janssen Research & Development, LLC;;Goiânia/Go
NCT00338286;Janssen Research & Development, LLC;;Ijuí
NCT00338286;Janssen Research & Development, LLC;;Jaú
NCT00338286;Janssen Research & Development, LLC;;Piracicaba
NCT00338286;Janssen Research & Development, LLC;;Porto Alegre
NCT00338286;Janssen Research & Development, LLC;;Ribeirão Preto/Sp
NCT00338286;Janssen Research & Development, LLC;;Santo André
NCT00338286;Janssen Research & Development, LLC;;São José do Rio Preto
NCT00338286;Janssen Research & Development, LLC;;São Paulo
NCT00338286;Janssen Research & Development, LLC;;São Paulol
NCT02431286;Instituto do Cancer do Estado de São Paulo;Angela Maria Sousa;São Paulo
NCT00480870;Associacao Fundo de Incentivo a Psicofarmcologia;Instituto do Sono;São Paulo
NCT00727389;Academia Cearense de Odontologia;Grupo de apoio a prevenção da incapacidade funcional;Fortaleza
NCT01923168;Novartis Pharmaceuticals;Novartis Investigative Site;Goiânia
NCT01923168;Novartis Pharmaceuticals;Novartis Investigative Site;Porto Alegre
NCT01923168;Novartis Pharmaceuticals;Novartis Investigative Site;Ribeirão Preto
NCT01923168;Novartis Pharmaceuticals;Novartis Investigative Site;São Paulo
NCT01923168;Novartis Pharmaceuticals;Novartis Investigative Site;São Paulo
NCT01776424;Bayer;;Goiânia
NCT01776424;Bayer;;Belo Horizonte
NCT01776424;Bayer;;Uberaba
NCT01776424;Bayer;;Uberlândia
NCT01776424;Bayer;;Campina Grande do Sul
NCT01776424;Bayer;;Curitiba
NCT01776424;Bayer;;Canoas
NCT01776424;Bayer;;Pelotas
NCT01776424;Bayer;;Porto Alegre
NCT01776424;Bayer;;Porto Alegre
NCT01776424;Bayer;;Porto Alegre
NCT01776424;Bayer;;Porto Alegre
NCT01776424;Bayer;;Blumenau
NCT01776424;Bayer;;Campinas
NCT01776424;Bayer;;Campinas
NCT01776424;Bayer;;Campinas
NCT01776424;Bayer;;Matão
NCT01776424;Bayer;;São José do Rio Preto
NCT01776424;Bayer;;São José do Rio Preto
NCT01776424;Bayer;;São Paulo
NCT01776424;Bayer;;São Paulo
NCT01776424;Bayer;;Votuporanga
NCT01776424;Bayer;;São Paulo
NCT02056379;Hospital Israelita Albert Einstein;Instituto Israelita de Ensino e Pesquisa Albert Einstein 's (IIEP);São Paulo
NCT03814746;Novartis Pharmaceuticals;Novartis Investigative Site;Salvador
NCT03814746;Novartis Pharmaceuticals;Novartis Investigative Site;Belém
NCT03814746;Novartis Pharmaceuticals;Novartis Investigative Site;Recife
NCT03814746;Novartis Pharmaceuticals;Novartis Investigative Site;Rio de Janeiro
NCT03814746;Novartis Pharmaceuticals;Novartis Investigative Site;Porto Alegre
NCT03814746;Novartis Pharmaceuticals;Novartis Investigative Site;Ribeirão Preto
NCT03814746;Novartis Pharmaceuticals;Novartis Investigative Site;São Paulo
NCT03814746;Novartis Pharmaceuticals;Novartis Investigative Site;São Paulo
NCT03814746;Novartis Pharmaceuticals;Novartis Investigative Site;São Paulo
NCT00930761;Universidade Federal do Rio de Janeiro;UFRJ Maternidade Escola;Rio de Janeiro
NCT02073383;Federal University of São Paulo;Federal University of São Paulo;São Paulo
NCT06120283;BeiGene;Fundacao Pio Xii Hospital de Amor de Barretos;Barretos
NCT06120283;BeiGene;Hospital Sirio Libanes Brasilia;Brasília
NCT06120283;BeiGene;Centro de Pesquisas Oncologicas Cepon;Florianópolis
NCT06120283;BeiGene;Liga Norte Riograndene Contra O Cancer;Natal
NCT06120283;BeiGene;Fundacao Universidade de Caxias Do Sul Instituto de Pesquisas Em Saude;Petrópolis
NCT06120283;BeiGene;Hospital Sao Lucas Da Pucrs Uniao Brasileira de Educacao E Assistencia;Porto Algre
NCT06120283;BeiGene;Instituto Nacional de Cancer;Rio de Janeiro
NCT06120283;BeiGene;Instituto Dor de Pesquisa E Ensino Hospital Sao Rafael;Salvador
NCT06120283;BeiGene;Icesp Instituto Do Cancer Do Estado de Sao Paulo Octavio Frias de Oliveira;São Paulo
NCT06120283;BeiGene;Clinica de Pesquisa E Centro de Estudos Em Oncologia Ginecologica E Mamaria;São Paulo
NCT06120283;BeiGene;Hospital Israelita Albert Einstein;São Paulo
NCT02053610;Hoffmann-La Roche;;Goiânia
NCT02053610;Hoffmann-La Roche;;Belo Horizonte
NCT02053610;Hoffmann-La Roche;;Porto Alegre
NCT02053610;Hoffmann-La Roche;;Santo André
NCT02053610;Hoffmann-La Roche;;São Paulo
NCT01137227;University of Sao Paulo General Hospital;Universidade de São Paulo, School of Medicine;São Paulo
NCT04912869;Hoffmann-La Roche;Hospital Sao Rafael - HSR;Salvador
NCT04912869;Hoffmann-La Roche;Hospital das Clinicas - UFRGS;Porto Alegre
NCT00878735;Hospital Israelita Albert Einstein;Instituto Israelita de Ensino e Pesquisa Albert Einstein;São Paulo
NCT04446117;Exelixis;Exelixis Site #163;Curitiba
NCT04446117;Exelixis;Exelixis Clinical Site #204;Curitiba
NCT04446117;Exelixis;Exelixis Clinical Site #171;Rio de Janeiro
NCT04446117;Exelixis;Exelixis Site #157;Porto Alegre
NCT04446117;Exelixis;Exelixis Clinical Site #132;Blumenau
NCT04446117;Exelixis;Exelixis Clinical Site #191;Campinas
NCT04446117;Exelixis;Exelixis Clinical Site #128;Ribeirão Preto
NCT04446117;Exelixis;Exelixis Clinical Site #106;São José do Rio Preto
NCT04446117;Exelixis;Exelixis Site #161;São Paulo
NCT04446117;Exelixis;Exelixis Clinical Site #154;Barretos
NCT04446117;Exelixis;Exelixis Clinical Site #140;Fortaleza
NCT04446117;Exelixis;Exelixis Clinical Site #153;Porto Alegre
NCT04446117;Exelixis;Exelixis Clinical Site #145;Ribeirão Preto
NCT04446117;Exelixis;Exelixis Clinical Site #116;Santa Cruz do Sul
NCT04558918;Novartis Pharmaceuticals;Novartis Investigative Site;Santo André
NCT04558918;Novartis Pharmaceuticals;Novartis Investigative Site;São Paulo
NCT05605210;Marco Aurélio Vaz, PhD;Exercise Research Laboratory, School of Physical Education, Federal University of Rio Grande do Sul;Porto Alegre
NCT07099859;Vitor Emer Egypto Rosa;Heart Institute of the School of Medicine of the University of São Paulo;São Paulo
NCT02242942;Hoffmann-La Roche;Hospital das Clinicas - UFRGS;Porto Alegre
NCT02242942;Hoffmann-La Roche;Instituto de Ensino e Pesquisa Sao Lucas - IEP;São Paulo
NCT02242942;Hoffmann-La Roche;Hospital das Clinicas - FMUSP;São Paulo
NCT05508243;Herbarium Laboratorio Botanico Ltda;Kosmoscience Ciência e Tecnologia Cosmética Ltda;Campinas
NCT00890825;AstraZeneca;Research Site;Belo Horizonte
NCT00890825;AstraZeneca;Research Site;Ijuí
NCT00890825;AstraZeneca;Research Site;Porto Alegre
NCT00890825;AstraZeneca;Research Site;Rio de Janeiro
NCT00890825;AstraZeneca;Research Site;Santo André
NCT00890825;AstraZeneca;Research Site;São Paulo
NCT00890825;AstraZeneca;Research Site;São Paulo
NCT00890825;AstraZeneca;Research Site;São Paulo
NCT05879289;Farmoquimica S.A.;Medcin Instituto da Pele;Osasco
NCT02387190;Federal University of Bahia;Ana nery Hospital;Salvador
NCT03432390;Instituto Materno Infantil Prof. Fernando Figueira;Hospital das Clínicas de Pernambuco;Recife
NCT02603523;Universidade Estadual Paulista Júlio de Mesquita Filho;UNESP;Presidente Prudente
NCT03293862;University of Sao Paulo General Hospital;Hospital das Clínicas da Faculdade de Medicina da Universidade de São Paulo;São Paulo
NCT05667844;Universidade Federal do Rio de Janeiro;Federal University of Rio de Janeiro;Rio de Janeiro
NCT01539798;Federal University of Mato Grosso;Hospital Universitario Julio Mullar;Cuiabá
NCT01227863;Azidus Brasil;LAL Clinica Pesquisa e Desenvolvimento Ltda;Valinhos
NCT01472263;Hospital Universitário Professor Edgard Santos;Hospital Universitário Professor Edgard Santos;Salvador
NCT00868049;University of Sao Paulo;Medical School of University of São Paulo;São Paulo
NCT00955643;Escola Bahiana de Medicina e Saude Publica;EBMSP Central Clinic;Salvador
NCT04115943;University of Nove de Julho;Nove de Julho University;São Paulo
NCT04875143;University of Pernambuco;Cicero Jonas Rodrigues Benjamim;Juazeiro do Norte
NCT01039376;Novartis Pharmaceuticals;Novartis Investigative Site;Salvador
NCT01039376;Novartis Pharmaceuticals;Novartis Investigative Site;Goiania - GO
NCT01039376;Novartis Pharmaceuticals;Novartis Investigative Site;Porto Alegre
NCT01039376;Novartis Pharmaceuticals;Novartis Investigative Site;Barretos
NCT01039376;Novartis Pharmaceuticals;Novartis Investigative Site;São Paulo
NCT01039376;Novartis Pharmaceuticals;Novartis Investigative Site;São Paulo
NCT01002391;Daniela Francescato Veiga;Hospital das Clínicas Samuel Libânio - UNIVÁS;Pouso Alegre
NCT02654990;pharmaand GmbH;Novartis Investigative Site;Barretos
NCT02654990;pharmaand GmbH;Novartis Investigative Site;São Paulo
NCT02654990;pharmaand GmbH;Novartis Investigative Site;São Paulo
NCT03224897;Universidade Federal de Pernambuco;Applied Neuroscience Laboratory;Recife
NCT03224897;Universidade Federal de Pernambuco;Federal University of Pernambucano;Recife
NCT03225079;Jena University Hospital;Hospital Sirio Libanes;São Paulo
NCT01237158;University of Sao Paulo;Institute of Psychiatry HCFMUSP;São Paulo
NCT03913143;ProQR Therapeutics;INRET Clínica/ Santa Casa de Misericórdia de Belo Horizonte;Belo Horizonte
NCT03913143;ProQR Therapeutics;Federal University of São Paulo - Hospital São Paulo (UNIFESP-HSP);São Paulo
NCT04619797;Hoffmann-La Roche;Crio - Centro Regional Integrado de Oncologia;Fortaleza
NCT04619797;Hoffmann-La Roche;Oncocentro Belo Horizonte;Belo Horizonte
NCT04619797;Hoffmann-La Roche;Oncosite - Centro de Pesquisa Clinica Em Oncologia Ltda;Ijuí
NCT04619797;Hoffmann-La Roche;Hospital das Clinicas - UFRGS;Porto Alegre
NCT04619797;Hoffmann-La Roche;Hospital Nossa Senhora da Conceicao;Porto Alegre
NCT04619797;Hoffmann-La Roche;Hospital de Cancer de Barretos;Barretos
NCT04619797;Hoffmann-La Roche;Instituto do Cancer do Estado de Sao Paulo - ICESP;São Paulo
NCT03615924;AstraZeneca;Research Site;Porto Alegre
NCT03615924;AstraZeneca;Research Site;Rio de Janeiro
NCT03615924;AstraZeneca;Research Site;Salvador
NCT03615924;AstraZeneca;Research Site;São Paulo
NCT03615924;AstraZeneca;Research Site;São Paulo
NCT04202289;Nucleo De Pesquisa E Desenvolvimento De Medicamentos Da Universidade Federal Do Ceara;Burn Treatment Center, Dr. José Frota Institute;Fortaleza
NCT04202289;Nucleo De Pesquisa E Desenvolvimento De Medicamentos Da Universidade Federal Do Ceara;Drug Research and Development Center (NPDM), Federal University of Ceará (UFC);Fortaleza
NCT03106168;University of Sao Paulo;Serviço de Urgência da Faculdade de Odontologia de São Paulo;São Paulo
NCT04339010;University of the State of Santa Catarina;Center for Health and Sport Sciences;Florianópolis
NCT04104490;University of Florida;Universidade Federal de Ciências da Saúde de Porto Alegre;Porto Alegre
NCT00045760;Eli Lilly and Company;For additional information regarding investigative sites for this trial, contact the Clinical Trials Support Center at 1-877-CTLILLY (1-877-285-4559) or speak with your personal physician.;Salvador
NCT00045760;Eli Lilly and Company;For additional information regarding investigative sites for this trial, contact the Clinical Trials Support Center at 1-877-CTLILLY (1-877-285-4559) or speak with your personal physician.;Curitiba
NCT00045760;Eli Lilly and Company;For additional information regarding investigative sites for this trial, contact the Clinical Trials Support Center at 1-877-CTLILLY (1-877-285-4559) or speak with your personal physician.;Porto Alegre
NCT00045760;Eli Lilly and Company;For additional information regarding investigative sites for this trial, contact the Clinical Trials Support Center at 1-877-CTLILLY (1-877-285-4559) or speak with your personal physician.;Rio de Janeiro
NCT00045760;Eli Lilly and Company;For additional information regarding investigative sites for this trial, contact the Clinical Trials Support Center at 1-877-CTLILLY(1-877-285-4559) or speak with your personal physician.;Rio de Janeiro
NCT00045760;Eli Lilly and Company;For additional information regarding investigative sites for this trial, contact the Clinical Trials Support Center at 1-877-CTLILLY (1-877-285-4559) or speak with your personal physician.;Florianópolis
NCT00045760;Eli Lilly and Company;For additional information regarding investigative sites for this trial, contact the Clinical Trials Support Center at 1-877-CTLILLY (1-877-285-4559) or speak with your personal physician.;São Paulo
NCT00045760;Eli Lilly and Company;For additional information regarding investigative sites for this trial, contact the Clinical Trials Support Center at 1-877-CTLILLY(1-877-285-4559) or speak with your personal physician.;São Paulo
NCT00045760;Eli Lilly and Company;For additional information regarding investigative sites for this trial, contact the Clinical Trials Support Center at 1-877-CTLILLY(1-877-285-4559) or speak with your personal physician.;Porto Alegre
NCT01131650;Hospital do Olho Rio Preto;Carlos Eduardo Cury Junior;São José do Rio Preto
NCT04045379;Federal University of São Paulo;Federal University of Sao Paulo - Unifesp;São Paulo
NCT05164133;Hoffmann-La Roche;Santa Casa de Misericordia de Porto Alegre;Porto Alegre
NCT02216643;Hospital de Clinicas de Porto Alegre;Hospital Geral de Fortaleza/SUS;Fortaleza
NCT02216643;Hospital de Clinicas de Porto Alegre;Hospital Estadual Central;Vitória
NCT02216643;Hospital de Clinicas de Porto Alegre;Hospital Geral Roberto Santos;Salvador
NCT02216643;Hospital de Clinicas de Porto Alegre;Hospital de Base do Distrito Federal;Brasília
NCT02216643;Hospital de Clinicas de Porto Alegre;Hospital de Clínicas da Universidade Federal do Paraná;Curitiba
NCT02216643;Hospital de Clinicas de Porto Alegre;Hospital São José do Avaí;Itaperuna
NCT02216643;Hospital de Clinicas de Porto Alegre;Hospital de Clínicas de Porto Alegre;Porto Alegre
NCT02216643;Hospital de Clinicas de Porto Alegre;UNIÃO BRASILEIRA DE EDUCAÇÃO E ASSISTENCIA, Hospital São Lucas PUCRS;Porto Alegre
NCT02216643;Hospital de Clinicas de Porto Alegre;Hospital Governador Celso Ramos;Florianópolis
NCT02216643;Hospital de Clinicas de Porto Alegre;Clinica Neurologica e Neurocirurgica de Joinville S/S Ltda;Joinville
NCT02216643;Hospital de Clinicas de Porto Alegre;Hospital das Clínicas da Faculdade de Medicina de Botucatu;Botucatu
NCT02216643;Hospital de Clinicas de Porto Alegre;Hospital de Clínicas - UNICAMP;Campinas
NCT02216643;Hospital de Clinicas de Porto Alegre;Hospital de Clínicas de Ribeirão Preto;Ribeirão Preto
NCT02216643;Hospital de Clinicas de Porto Alegre;Irmandade da Santa Casa de Misericórdia;São Paulo
NCT02216643;Hospital de Clinicas de Porto Alegre;Universidade Federal de São Paulo - UNIFESP/EPM;São Paulo
NCT00883025;Irmandade da Santa Casa de Misericoridia de Limeira;Hospital Dia;Limeira
NCT02383576;Hoffmann-La Roche;Crio - Centro Regional Integrado de Oncologia;Fortaleza
NCT02383576;Hoffmann-La Roche;Instituto Nacional de Cancer - INCa;
NCT02383576;Hoffmann-La Roche;Oncologia;Rio de Janeiro
NCT02383576;Hoffmann-La Roche;Hospital de Caridade de Ijui;
NCT02383576;Hoffmann-La Roche;Oncologia;Ijuí
NCT02383576;Hoffmann-La Roche;Hospital das Clinicas - UFRGS;Porto Alegre
NCT02383576;Hoffmann-La Roche;Hospital Amaral Carvalho;Jaú
NCT02383576;Hoffmann-La Roche;Faculdade de Medicina do ABC - FMABC;
NCT02383576;Hoffmann-La Roche;Oncologia e Hematologia;Santo André
NCT02383576;Hoffmann-La Roche;Instituto do Cancer do Estado de Sao Paulo - ICESP;São Paulo
NCT02383576;Hoffmann-La Roche;Hospital Santa Marcelina;
NCT02383576;Hoffmann-La Roche;Oncologia;São Paulo
NCT04834089;Butantan Institute;Hospital do Rim;São Paulo
NCT04834089;Butantan Institute;Hospital das Clinicas da Faculdade de Medicina da Universidade de São Paulo;São Paulo
NCT02215668;University of Sao Paulo;Hospital do Cancer de Barretos;Barretos
NCT01546610;Federal University of São Paulo;Emilia Moreira;São Paulo
NCT03088813;Ipsen;Hospital de Cancer de Barretos, Fundacoa Pio X II;Barretos
NCT03088813;Ipsen;Hospital de Caridade de Ijuí;Ijuí
NCT03088813;Ipsen;Oncobio Servicos de Saude;Nova Lima
NCT03088813;Ipsen;HGB - Hospital Giovanni Battista - Mãe de Deus Center;Porto Alegre
NCT03088813;Ipsen;Hospital Nossa Senhora da Conceição;Porto Alegre
NCT03088813;Ipsen;INCA - Instituto Nacional de Câncer;Rio de Janeiro
NCT03088813;Ipsen;CEPHO - Centro de Estudos e Pesquisas de Hematologia e Oncologia;Santo André
NCT03088813;Ipsen;Fundação Faculdade Regional de Medicina de São José do Rio Preto;São José do Rio Preto
NCT00108758;Novo Nordisk A/S;Novo Nordisk Investigational Site;Rio de Janeiro
NCT00108758;Novo Nordisk A/S;Novo Nordisk Investigational Site;Campinas
NCT00108758;Novo Nordisk A/S;Novo Nordisk Investigational Site;Belo Horizonte
NCT00108758;Novo Nordisk A/S;Novo Nordisk Investigational Site;Recife
NCT00108758;Novo Nordisk A/S;Novo Nordisk Investigational Site;Ribeirão Preto
NCT00257608;Genentech, Inc.;Instituto de cancer Arnaldo;São Paulo
NCT00257608;Genentech, Inc.;Instituto Nacional do Cancer;Rio de Janeiro
NCT00257608;Genentech, Inc.;Hospital Das Clinicas;São Paulo
NCT04494776;Helio Tedesco Silva Junior;Hospital do Rim;São Paulo
NCT05027074;Merck Sharp & Dohme LLC;Fundação Faculdade Regional de Medicina de São José do Rio Preto-Centro Integrado de Pesquisa ( Site;São José do Rio Preto
NCT05027074;Merck Sharp & Dohme LLC;Fresenius Clinical Trials Perdizes ( Site 0101);São Paulo
NCT05027074;Merck Sharp & Dohme LLC;Hospital do Rim e Hipertensão ( Site 0106);São Paulo
NCT05873660;Novo Nordisk A/S;Novo Nordisk Investigational Site;São Paulo
NCT04648280;PENTA Foundation;Hospital Geral de Nova Iguaçu;Nova Iguaçu
NCT04648280;PENTA Foundation;Hospital Federal dos Servidores do Estado;Rio de Janeiro
NCT01286779;Baxalta now part of Shire;UNIFESP - Universidade Estadual de Sao Paulo;São Paulo
NCT03378596;Juliano Casonatto;Juliano Casonatto;Londrina
NCT01695616;Ache Laboratorios Farmaceuticos S.A.;ISBEM;São Paulo
NCT02622633;University of Brasilia;Rivadavio Amorim;Brasília
NCT05257408;Corcept Therapeutics;Site 424;Brasília
NCT05257408;Corcept Therapeutics;Site 382;Fortaleza
NCT05257408;Corcept Therapeutics;Site 384;Salvador
NCT05257408;Corcept Therapeutics;Site 383;Belo Horizonte
NCT05257408;Corcept Therapeutics;Site 390;Natal
NCT05257408;Corcept Therapeutics;Site 413;São Paulo
NCT05257408;Corcept Therapeutics;Site 421;Porto Alegre
NCT05257408;Corcept Therapeutics;Site 380;Rio de Janeiro
NCT05257408;Corcept Therapeutics;Site 376;São Paulo
NCT05257408;Corcept Therapeutics;Site 389;São Paulo
NCT05257408;Corcept Therapeutics;Site 413;São Paulo
NCT05257408;Corcept Therapeutics;Site 374;São Paulo
NCT05257408;Corcept Therapeutics;Site 001;São Paulo
NCT05553340;Hospital de Clinicas de Porto Alegre;Lisiane Paskulin;Porto Alegre
NCT01529190;Federal University of São Paulo;Federal University of Sao Paulo;São Paulo
NCT05637710;Eurofarma Laboratorios S.A.;Eurofarma Laboratorios S.A;São Paulo
NCT01425723;Bioverativ Therapeutics Inc.;Research Site;Campinas
NCT03759379;Alnylam Pharmaceuticals;Clinical Trial Site;Rio de Janeiro
NCT05973526;Universidade Federal de Pernambuco;Federal University of Pernambuco;Recife
NCT01892748;ROSA MARIA RODRIGUES PEREIRA;University of Sao Paulo - School of Medicine;São Paulo
NCT01968343;University of Sao Paulo;Instituto de Psiquiatria da Universidade de São Paulo;São Paulo
NCT02967276;University of Campinas, Brazil;UOPECCAN - Hospital do Câncer de Cascavel;Cascavel
NCT02967276;University of Campinas, Brazil;Hemocentro - Hospital de Clínicas - State University of Campinas (UNICAMP);Campinas
NCT02236117;Universidade Estadual de Londrina;Universidade Estadual de Londrina;Londrina
NCT00405418;Sanofi;Sanofi-Aventis;São Paulo
NCT01017913;Federal University of São Paulo;Cesumar;Maringá
NCT02389608;University of Nove de Julho;University Nove de Julho;São Paulo
NCT05022108;Universidade do Vale do Sapucai;Vale do Sapucaí University;Pouso Alegre
NCT00980876;Farmoquimica S.A.;Clínica Quiron;Campinas
NCT06108674;Federal University of Bahia;Farmácia Escola da UFBA, campus Anísio Teixeira;Vitória da Conquista
NCT04972318;Hospital do Coracao;Associação Evangélica Beneficente de Londrina - Hospital Evangélico de Londrina;Londrina
NCT04972318;Hospital do Coracao;Hospital São José;Criciúma
NCT04972318;Hospital do Coracao;Hospital Nereu Ramos;Florianópolis
NCT04972318;Hospital do Coracao;Centro Hospitalar Unimed;Joinville
NCT04972318;Hospital do Coracao;Hospital do Coracao;São Paulo
NCT04972318;Hospital do Coracao;BP-A Beneficiência Portuguesa de São Paulo;São Paulo
NCT01133223;Hospital de Clinicas de Porto Alegre;Hospital de Clinicas de Porto Alegre;Porto Alegre
NCT00679588;Sanofi;Investigational Site Number 076003;Belo Horizonte
NCT00679588;Sanofi;Investigational Site Number 076010;Belo Horizonte
NCT00679588;Sanofi;Investigational Site Number 076014;Caxias do Sul
NCT00679588;Sanofi;Investigational Site Number 076012;Curitiba
NCT00679588;Sanofi;Investigational Site Number 076005;Curitiba
NCT00679588;Sanofi;Investigational Site Number 076006;Goiânia
NCT00679588;Sanofi;Investigational Site Number 076011;Joinville
NCT00679588;Sanofi;Investigational Site Number 076007;Porto Alegre
NCT00679588;Sanofi;Investigational Site Number 076009;Porto Alegre
NCT00679588;Sanofi;Investigational Site Number 076015;Ribeirão Preto
NCT00679588;Sanofi;Investigational Site Number 076013;São José do Rio Preto
NCT00679588;Sanofi;Investigational Site Number 076004;São Paulo
NCT00679588;Sanofi;Investigational Site Number 076002;São Paulo
NCT00679588;Sanofi;Investigational Site Number 076008;São Paulo
NCT02973230;University of Sao Paulo General Hospital;University of Sao Paulo - School of Medicine - General Hospital;São Paulo
NCT03847428;AstraZeneca;Research Site;Florianópolis
NCT03847428;AstraZeneca;Research Site;Porto Alegre
NCT03847428;AstraZeneca;Research Site;Porto Alegre
NCT03847428;AstraZeneca;Research Site;Rio de Janeiro
NCT03847428;AstraZeneca;Research Site;Santa Maria
NCT03847428;AstraZeneca;Research Site;Santo André
NCT03847428;AstraZeneca;Research Site;São José do Rio Preto
NCT03847428;AstraZeneca;Research Site;Vitória
NCT01532336;NovaBay Pharmaceuticals, Inc.;;Recife
NCT01532336;NovaBay Pharmaceuticals, Inc.;;Rio de Janeiro
NCT01532336;NovaBay Pharmaceuticals, Inc.;;Porto Alegre
NCT01532336;NovaBay Pharmaceuticals, Inc.;;Joinville
NCT01532336;NovaBay Pharmaceuticals, Inc.;;São Paulo
NCT01532336;NovaBay Pharmaceuticals, Inc.;;São Paulo
NCT01532336;NovaBay Pharmaceuticals, Inc.;;São Paulo
NCT01532336;NovaBay Pharmaceuticals, Inc.;;Sorocaba
NCT02632409;Bristol-Myers Squibb;Local Institution - 0071;Ijuí
NCT02632409;Bristol-Myers Squibb;Local Institution - 0072;Porto Alegre
NCT02632409;Bristol-Myers Squibb;Local Institution - 0070;Barretos
NCT02632409;Bristol-Myers Squibb;Local Institution - 0073;Cerqueira César
NCT02632409;Bristol-Myers Squibb;Local Institution - 0231;Rio de Janeiro
NCT02632409;Bristol-Myers Squibb;Local Institution - 0100;São Paulo
NCT00107887;Johns Hopkins University;City of Rio De Janeiro Health Department Clinics;Rio de Janeiro
NCT01261793;UCB Pharma;954;Belo Horizonte
NCT01261793;UCB Pharma;956;Campinas
NCT01261793;UCB Pharma;955;Goiânia
NCT01261793;UCB Pharma;950;Juiz de Fora
NCT01261793;UCB Pharma;952;Rio de Janeiro
NCT01695421;University of Brasilia;Brasilia University;Brasília
NCT02080949;Barretos Cancer Hospital;Barretos Cancer Hospital - Fundação Pio XII;Barretos
NCT01420549;Ache Laboratorios Farmaceuticos S.A.;Centro de Pesquisas em Diabetes e Doenças Endócrino-Metabólicas- UFC;Fortaleza
NCT01420549;Ache Laboratorios Farmaceuticos S.A.;Centro de Pesquisas Médicas Básica e Clínica;Recife
NCT01420549;Ache Laboratorios Farmaceuticos S.A.;CCBR Brasil Centro de Pesquisas e Análises Clínicas;Rio de Janeiro
NCT01420549;Ache Laboratorios Farmaceuticos S.A.;CEPIC Centro Paulista de Investigação Clínica;São Paulo
NCT01420549;Ache Laboratorios Farmaceuticos S.A.;FGM - Clínica Paulista de Doenças Cardiovasculares;São Paulo
NCT01420549;Ache Laboratorios Farmaceuticos S.A.;Hospital do Rim e Hipertensão;São Paulo
NCT01420549;Ache Laboratorios Farmaceuticos S.A.;Universidade Federal de São Paulo;São Paulo
NCT02472158;University of Sao Paulo;Clinical Hospital of Ribeirão Preto Medical School (HCFMRP-USP);Ribeirão Preto
NCT03095378;University of Sao Paulo;Bauru School of Dentistry;Bauru
NCT00668889;Sanofi;Sanofi-aventis administrative office;São Paulo
NCT03760497;University of Sao Paulo;School of Dentistry of Ribeirao Preto;Ribeirão Preto
NCT06005259;University of Sao Paulo;Instituto do Coração;São Paulo
NCT01903733;Pfizer;Universidade Estadual de Campinas / Centro de Hematologia e Hemoterapia;Campinas
NCT01903733;Pfizer;Faculdade de Medicina do ABC - Centro de Estudos e Pesquisa em Hematologia e Oncologia (CEPHO);Santo André
NCT00999648;University of Sao Paulo General Hospital;Clinics Hospital of University of Sao Paulo Medical School - Department of Otorhinolaryngology;São Paulo
NCT02772185;Federal University of Paraíba;Suellen Andrade;João Pessoa
NCT02066935;Fundação Instituto Mineiro de Estudo Pesquisa Em Nefrologi;Fundação Instituto Mineiro de Estudos e Pesquisas em Nefrologia;Juiz de Fora
NCT05558397;Universidade Federal de Alfenas;Larissa Helena Lobo Torres Pacheco;Alfenas
NCT01549678;Federal University of São Paulo;Federal University of Sao Paulo;São Paulo
NCT05946915;Faculdade de Ciências Médicas da Santa Casa de São Paulo;Santa Casa SP School of Medical Sciences;São Paulo
NCT01007435;Hoffmann-La Roche;Centro Internacional de Pesquisa;
NCT01007435;Hoffmann-La Roche;Reumatologia;Goiânia
NCT01007435;Hoffmann-La Roche;Hospital das Clinicas - UFG;
NCT01007435;Hoffmann-La Roche;Reumatologia;Goiânia
NCT01007435;Hoffmann-La Roche;Centro Mineiro de Pesquisa - CMIP;Juiz de Fora
NCT01007435;Hoffmann-La Roche;Centro de Estudos em Terapias Inovadoras - CETI;Curtiba
NCT01007435;Hoffmann-La Roche;Hospital Sao Lucas - PUCRS;Porto Alegre
NCT01007435;Hoffmann-La Roche;Hospital e Maternidade Celso Pierro - PUCCamp;
NCT01007435;Hoffmann-La Roche;Reumatologia;Campinas
NCT01007435;Hoffmann-La Roche;Universidade Federal de Sao Paulo - UNIFESP;
NCT01007435;Hoffmann-La Roche;Reumatologia;São Paulo
NCT01007435;Hoffmann-La Roche;Centro Paulista de Investigacao Clinica - CEPIC;São Paulo
NCT05232825;Hoffmann-La Roche;CEDOES - Diagnóstico e Pesquisa;Vitória
NCT05232825;Hoffmann-La Roche;Clinica Amo - Assistencia Medica Em Oncologia;Salvador
NCT03524768;National Institute of Cardiology, Laranjeiras, Brazil;National Institute of Cardiology, Ministry of Health, Brazil;Rio de Janeiro
NCT05573568;Biomind Labs Inc.;Hospital Universitário Onofre Lopes;Natal
NCT03338790;Bristol-Myers Squibb;Local Institution - 0020;Belo Horizonte
NCT03338790;Bristol-Myers Squibb;Local Institution - 0074;Belo Horizonte
NCT03338790;Bristol-Myers Squibb;Local Institution - 0075;Curitiba
NCT03338790;Bristol-Myers Squibb;Local Institution - 0018;Ijuí
NCT03338790;Bristol-Myers Squibb;Local Institution - 0021;Porto Alegre
NCT03338790;Bristol-Myers Squibb;Local Institution - 0022;Campinas
NCT03338790;Bristol-Myers Squibb;Local Institution - 0071;São Paulo
NCT03338790;Bristol-Myers Squibb;Local Institution - 0019;Rio de Janeiro
NCT03338790;Bristol-Myers Squibb;Local Institution - 0073;São Paulo
NCT06646523;Federal University of Minas Gerais;Federal University of Minas Gerais;Belo Horizonte
NCT01333852;Lucas Vieira dos Santos;Barretos Cancer Hospital;Barretos
NCT05492578;Sanofi;Instituto Bahiano de Imunoterapia - IBIS- Site Number : 0760002;Salvador
NCT05492578;Sanofi;Irmandade da Santa Casa de Misericordia de Porto Alegre- Site Number : 0760005;Porto Alegre
NCT05492578;Sanofi;FUNDACAO DO ABC - FACULDADE DE MEDICINA DO ABC (FMABC)- Site Number : 0760001;Santo André
NCT05492578;Sanofi;CDEC Brasil - Centro de Desenvolvimento em Estudos Clinicos Brasil- Site Number : 0760014;São Paulo
NCT05492578;Sanofi;Clinica de Alergia Martti Antila- Site Number : 0760006;Sorocaba
NCT05492578;Sanofi;Hospital Alemao Oswaldo Cruz - São Paulo- Site Number : 0760010;São Paulo
NCT01228643;Azidus Brasil;LAL Clinica Pesquisa e Desenvolvimento LTDA;Valinhos
NCT01294943;University of Sao Paulo;Hospital Santa Cruz;São Paulo
NCT05843643;AbbVie;CEDOES - Centro de Diagnóstico e Pesquisa da Osteoporose do Espírito Santo /ID# 254588;Vitória
NCT05843643;AbbVie;SER - Servicos Especializados em Reumatologia da Bahia /ID# 253354;Salvador
NCT05843643;AbbVie;CMiP - Centro Mineiro de Pesquisa Ltda - ME /ID# 253346;Juiz de Fora
NCT05843643;AbbVie;EDUMED Educacao em Saude S/S LTDA /ID# 253274;Curitiba
NCT05843643;AbbVie;Hospital de Clinicas de Porto Alegre /ID# 253357;Porto Alegre
NCT05843643;AbbVie;LMK Sevicos Medicos S/S /ID# 253353;Porto Alegre
NCT05843643;AbbVie;Fundacao Faculdade Regional de Medicina de Sao Jose do Rio Preto /ID# 261024;São José do Rio Preto
NCT05843643;AbbVie;Hospital do Rim /ID# 253983;São Paulo
NCT05843643;AbbVie;Hospital das Clinicas da Faculdade de Medicina da Universidade de Sao /ID# 254316;São Paulo
NCT01788176;University of Sao Paulo General Hospital;Centro de Pesquisa Clínica do Instituto de Medicina e Reabilitação do HCFMUSP;São Paulo
NCT06023589;AstraZeneca;Research Site;Blumenau
NCT06023589;AstraZeneca;Research Site;Curitiba
NCT06023589;AstraZeneca;Research Site;Salvador
NCT06023589;AstraZeneca;Research Site;São Paulo
NCT06023589;AstraZeneca;Research Site;São Paulo
NCT06023589;AstraZeneca;Research Site;São Paulo
NCT06023589;AstraZeneca;Research Site;Sorocaba
NCT03034447;Federal University of São Paulo;Federal University of São Paulo;São Paulo
NCT01385384;University of Sao Paulo;Heart Institute (InCor) Hospital das Clinicas da Faculdade de Medicina da Universidade de Sao Paulo;São Paulo
NCT01385384;University of Sao Paulo;Hospital das Clinicas da Faculdade de Medicina da Universidade de Sao Paulo;São Paulo
NCT03469778;University of Sao Paulo General Hospital;Centro de Pesquisa Clínica - Instituto de Medicina Física e Reabilitação;São Paulo
NCT04126785;Universidade Estadual Paulista Júlio de Mesquita Filho;São Paulo State Univeristy;Bauru
NCT00519285;Sanofi;Sanofi-Aventis Administrative Office;São Paulo
NCT05821725;Colgate Palmolive;Faveri Academy;Guarulhos
NCT00842140;University of Sao Paulo;University of Sao Paulo;Ribeirão Preto
NCT00942097;Edgard Costa de Vilhena;Amparo Maternal Maternidade Social;São Paulo
NCT03526133;University of Sao Paulo General Hospital;Incor - Heart Institute, Sleep Laboratory;São Paulo
NCT00925158;Federal University of São Paulo;Hospital São Paulo - UNIFESP;São Paulo
NCT04453085;JCR Pharmaceuticals Co., Ltd.;Hospital de Clínicas de Porto Alegre;Porto Alegre
NCT04453085;JCR Pharmaceuticals Co., Ltd.;Instituto de Genética e Erros Inatos do Metabolismo - IGEIM;São Paulo
NCT03090685;Universidade Federal do Ceara;Grupo de Atenção Integral e Pesquisa em Acupuntura e Medicina Tradicional Chinesa - GAIPA;Fortaleza
NCT06472076;GlaxoSmithKline;GSK Investigational Site;Barretos
NCT06472076;GlaxoSmithKline;GSK Investigational Site;Belém
NCT06472076;GlaxoSmithKline;GSK Investigational Site;CuritibaPR
NCT06472076;GlaxoSmithKline;GSK Investigational Site;Florianópolis
NCT06472076;GlaxoSmithKline;GSK Investigational Site;Fortaleza
NCT06472076;GlaxoSmithKline;GSK Investigational Site;Londrina
NCT06472076;GlaxoSmithKline;GSK Investigational Site;Porto VelhoRondOnia
NCT06472076;GlaxoSmithKline;GSK Investigational Site;Salvador
NCT06472076;GlaxoSmithKline;GSK Investigational Site;SAo JosE Do Rio PretoSP
NCT06472076;GlaxoSmithKline;GSK Investigational Site;São Paulo
NCT06472076;GlaxoSmithKline;GSK Investigational Site;Vitória
NCT02179320;University of Sao Paulo General Hospital;Hospital das Clínicas da Faculdade de Medicina da Universidade de São Paulo;São Paulo
NCT03777852;University of Sao Paulo;Hospital das Clínicas de Ribeirão Preto;Ribeirão Preto
NCT01481558;University of Sao Paulo;University of São Paulo Medical School;São Paulo
NCT04410250;Federal University of the Valleys of Jequitinhonha and Mucuri;Ana Beatriz Silva Lopes;Diamantina
NCT04100018;Bristol-Myers Squibb;Local Institution - 0097;Belo Horizonte
NCT04100018;Bristol-Myers Squibb;Local Institution - 0022;Belo Horizonte
NCT04100018;Bristol-Myers Squibb;Local Institution - 0100;Curitiba
NCT04100018;Bristol-Myers Squibb;Local Institution - 0082;Curitiba
NCT04100018;Bristol-Myers Squibb;Local Institution - 0321;Natal
NCT04100018;Bristol-Myers Squibb;Local Institution - 0058;Ijuí
NCT04100018;Bristol-Myers Squibb;Local Institution - 0063;Porto Alegre
NCT04100018;Bristol-Myers Squibb;Local Institution - 0056;Porto Alegre
NCT04100018;Bristol-Myers Squibb;Local Institution - 0057;Porto Alegre
NCT04100018;Bristol-Myers Squibb;Local Institution - 0086;Campinas
NCT04100018;Bristol-Myers Squibb;Local Institution - 0059;Santo André
NCT04100018;Bristol-Myers Squibb;Local Institution - 0096;São José do Rio Preto
NCT04100018;Bristol-Myers Squibb;Local Institution - 0189;Rio de Janeiro
NCT04100018;Bristol-Myers Squibb;Local Institution - 0060;Rio de Janeiro
NCT04100018;Bristol-Myers Squibb;Local Institution - 0080;São Paulo
NCT04100018;Bristol-Myers Squibb;Local Institution - 0273;São Paulo
NCT04100018;Bristol-Myers Squibb;Local Institution - 0328;São Paulo
NCT01816360;University of Sao Paulo;Universidade de São Paulo;São Paulo
NCT06536348;Federal University of Uberlandia;Laboratório de Análise de Movimento e Processamento de Sinais;Brasília
NCT06536348;Federal University of Uberlandia;Centro Universitário Araguaia (UniAraguaia);Goiânia
NCT06536348;Federal University of Uberlandia;Associação Parkinson Goiás;Goiânia
NCT06536348;Federal University of Uberlandia;Ambulatório de Doença de Parkinson e Distúrbios do Movimento do Hospital de Clínicas de Uberlândia;Uberlândia
NCT06536348;Federal University of Uberlandia;Núcleo de Inovação e Avaliação Tecnológica em Saúde / Centre for Innovation and Technology Assessment in Health;Uberlândia
NCT02860078;University of Sao Paulo General Hospital;Shirley Andrade Santos;São Paulo
NCT01570218;Universidade Federal de Goias;Goias Anticancer Association;Goiânia
NCT01570218;Universidade Federal de Goias;Hospital Araujo Jorge, Associacao de Combate ao Cancer em Goias;Goiânia
NCT02848274;Stanford University;University of Sao Paulo Medical School;São Paulo
NCT05493410;University Vila Velha;Maurício Bona Gracelli;Vila Velha
NCT05493410;University Vila Velha;Maurício Bona Gracelli;Vitória
NCT02401958;Federal University of São Paulo;Federal University of Sao Paulo;São Paulo
NCT06191315;Sanofi;Inst de Medicina Integral Professor Fernando Figueira- Site Number : 0760006;Recife
NCT06191315;Sanofi;Hospital Ernesto Dornelles Site Number : 0760004;Porto Alegre
NCT06191315;Sanofi;Hospital Ernesto Dornelles- Site Number : 0760004;Porto Alegre
NCT06191315;Sanofi;Clinica de Alergia Martti Antila- Site Number : 0760002;Sorocaba
NCT06191315;Sanofi;Hospital das Clinicas FMUSP- Site Number : 0760001;São Paulo
NCT01719276;University of Sao Paulo;Medicine School of the University Of São Paulo;São Paulo
NCT00106574;Hoffmann-La Roche;;Campinas
NCT00106574;Hoffmann-La Roche;;Goiânia
NCT00106574;Hoffmann-La Roche;;Rio de Janeiro
NCT04662918;Xingshun Qi;São Paulo State University (UNESP), Botucatu Medical School;São Paulo
NCT01408849;Casa Espirita Terra de Ismael;Hospital das Clinicas FMRP-USP;Ribeirão Preto
NCT02656238;International CTEPH Association;Hospital São Paulo, Federal University of São Paulo;São Paulo
NCT02656238;International CTEPH Association;University of Sao Paulo Medical School;São Paulo
NCT03263260;Scitech Produtos Medicos Ltda;União Brasileira de Educação e Assistência - Hospital São Lucas da PUC - RS;Porto Alegre
NCT01053780;Universidade do Extremo Sul Catarinense - Unidade Academica de Ciecias da Saude;Maria Inês da Rosa;Criciúma
NCT01053780;Universidade do Extremo Sul Catarinense - Unidade Academica de Ciecias da Saude;Universidade do Extremo Sul Catarinense;Criciúma
NCT04072341;University of Sao Paulo General Hospital;Marcelo Augusto Duarte Silveira;Salvador
NCT06169241;National Institute of Cardiology, Laranjeiras, Brazil;National Institute of Cardiology;Rio de Janeiro
NCT06174805;Boston Scientific Corporation;Instituto do Cancer do Estado de Sao Paulo;São Paulo
NCT04985968;InDex Pharmaceuticals;Instituto Goiano de Gastroenterologia e Endoscopia Digestiva Ltda;Goiânia
NCT04985968;InDex Pharmaceuticals;Hospital de Clinicas de Porto Alegre - Centro de Pesquisa Clinica;Porto Alegre
NCT04985968;InDex Pharmaceuticals;Ufrj - Hospital Universitario Clementino Fraga Filho;Rio de Janeiro
NCT04985968;InDex Pharmaceuticals;Praxis Pesquisa Medica;Santo André
NCT04985968;InDex Pharmaceuticals;CEMEC - Centro Multidisciplinar de Estudos Clinicos;São Bernardo do Campo
NCT04985968;InDex Pharmaceuticals;Kaiser Clinica;São José do Rio Preto
NCT03637946;Federal University of Minas Gerais;Federal University Of Minas Gerais;Belo Horizonte
NCT07066046;Instituto do Cancer do Estado de São Paulo;Hospital das Clínicas da Faculdade de Medicina da USP;São Paulo
NCT06424288;Boehringer Ingelheim;Hospital Vera Cruz;Belo Horizonte
NCT06424288;Boehringer Ingelheim;Cardresearch Cardiologia Assistencial e de Pesquisas Ltda;Belo Horizonte
NCT06424288;Boehringer Ingelheim;L2IP -Instituto de Pesquisas Clínicas Ltda.;Brasília
NCT06424288;Boehringer Ingelheim;CECAP - Centro de Cardiologia Clínica;Brasília
NCT06424288;Boehringer Ingelheim;Hospital Angelina Caron;Campina Grande do Sul
NCT06424288;Boehringer Ingelheim;IPECC - Instituto de Pesquisa Clínica de Campinas;Campinas
NCT06424288;Boehringer Ingelheim;Centro Especializado em Cardiol Loema Instituto de Pesq Clin;Campinas
NCT06424288;Boehringer Ingelheim;Hospital do Rocio;Campo Largo
NCT06424288;Boehringer Ingelheim;PUC Trials - Núcleo de Pesquisa Clínica da Escola de Medicina da PUC-PR;Curitiba
NCT06424288;Boehringer Ingelheim;Via Medica;Goiânia
NCT06424288;Boehringer Ingelheim;ICM - Instituto do Coracao de Marilia;Marília
NCT06424288;Boehringer Ingelheim;Instituto Mederi de Pesquisa e Saude;Passo Fundo
NCT06424288;Boehringer Ingelheim;Santa Casa de Misericórdia de Porto Alegre;Porto Alegre
NCT06424288;Boehringer Ingelheim;Hospital de Clínicas de Porto Alegre;Porto Alegre
NCT06424288;Boehringer Ingelheim;Universidade Federal do Rio Grande do Sul;Porto Alegre
NCT06424288;Boehringer Ingelheim;Hospital Mae de Deus;Porto Alegre
NCT06424288;Boehringer Ingelheim;Hospital das Clínicas FMRP-USP;Ribeirão Preto
NCT06424288;Boehringer Ingelheim;Instituto Brasil de Pesquisa Clinica (IBPClin);Rio de Janeiro
NCT06424288;Boehringer Ingelheim;Ruschel Medicina e Pesquisa Clínica;Rio Do Janeiro
NCT06424288;Boehringer Ingelheim;Pesquisare;Santo André
NCT06424288;Boehringer Ingelheim;Praxis Pesquisa Medica;Santo André
NCT06424288;Boehringer Ingelheim;Fundacao Faculdade Regional de Medicina, Sao Jose;Sao Jose Rio Preto
NCT06424288;Boehringer Ingelheim;Centro de Pesquisa Clinica - CPCLIN;São Paulo
NCT06424288;Boehringer Ingelheim;CEPIC - Centro Paulista de Investigacao Clinica;São Paulo
NCT06424288;Boehringer Ingelheim;CEDOES - Diagnóstico e Pesquisa,Vitória;Vitória
NCT06424288;Boehringer Ingelheim;Integral Pesquisa e Ensino;Votuporanga
NCT05267483;D'Or Institute for Research and Education;D'Or Institute for Research and Education (IDOR);Rio de Janeiro
NCT02414854;Sanofi;Investigational Site Number 076009;Florianópolis
NCT02414854;Sanofi;Investigational Site Number 076007;Porto Alegre
NCT02414854;Sanofi;Investigational Site Number 076001;Porto Alegre
NCT02414854;Sanofi;Investigational Site Number 076003;Salvador
NCT02414854;Sanofi;Investigational Site Number 076013;São Bernardo do Campo
NCT02414854;Sanofi;Investigational Site Number 076012;São Paulo
NCT02414854;Sanofi;Investigational Site Number 076008;São Paulo
NCT02414854;Sanofi;Investigational Site Number 076006;São Paulo
NCT02414854;Sanofi;Investigational Site Number 076002;Sorocaba
NCT06388889;Areteia Therapeutics;Research Site 20055-007;Blumenau
NCT06388889;Areteia Therapeutics;Research Site 20055-004;Porto Alegre
NCT06388889;Areteia Therapeutics;Research Site 20055-010;Porto Alegre
NCT06388889;Areteia Therapeutics;Research Site 20055-001;São Bernardo
NCT06388889;Areteia Therapeutics;Research Site 20055-003;São Paulo
NCT06388889;Areteia Therapeutics;Research Site 20055-008;São Paulo
NCT06388889;Areteia Therapeutics;Research Site 20055-002;Sorocaba
NCT02456220;Bernardo Quiroga Souki;Pontifícia Universidade Católica de Minas Gerais;Belo Horizonte
NCT01515423;Janssen Research & Development, LLC;;Rio de Janeiro
NCT00125970;National Institute of Allergy and Infectious Diseases (NIAID);Projeto Praca Onze/Hesfa Crs;Rio de Janeiro
NCT00125970;National Institute of Allergy and Infectious Diseases (NIAID);Sao Paulo HVTU - CRT DST/AIDS CRS;São Paulo
NCT04456673;Sanofi;CEDOES - Centro de Diagnostico e Pesquisa de Osteoporose do ES Site Number : 0760020;Vitória
NCT04456673;Sanofi;SER da Bahia Site Number : 0760019;Salvador
NCT04456673;Sanofi;Instituto Mederi de Pesquisa e Saude Site Number : 0760008;Passo Fundo
NCT04456673;Sanofi;Irmandade da Santa Casa de Misericordia de Porto Alegre Site Number : 0760017;Porto Alegre
NCT04456673;Sanofi;Hospital Sao Lucas Site Number : 0760001;Porto Alegre
NCT04456673;Sanofi;HOSPITAL DIA DO PULMAO Site Number : 0760006;Blumenau
NCT04456673;Sanofi;UFSC - Hospital Universitário Site Number : 0760018;Florianópolis
NCT04456673;Sanofi;PUC Campinas - Sociedade Campineira de Educaçao e Instruçao Site Number : 0760015;Campinas
NCT04456673;Sanofi;FUNDACAO DO ABC - FACULDADE DE MEDICINA DO ABC (FMABC) Site Number : 0760007;Santo André
NCT04456673;Sanofi;CPQuali Pesquisa Clinica Site Number : 0760003;São Paulo
NCT04456673;Sanofi;Instituto de Pesquisa Grupo NotreDame Intermedica Site Number : 0760012;São Paulo
NCT04456673;Sanofi;Nucleo de Pesquisa Clinica e Ensino da Rede Sao Camilo Site Number : 0760021;São Paulo
NCT04456673;Sanofi;InCor - Instituto do Coraçao do Hospital das Clinicas da FMUSP Site Number : 0760002;São Paulo
NCT04456673;Sanofi;Clinica de Alergia Martti Antila Site Number : 0760009;Sorocaba
NCT02369341;GlaxoSmithKline;GSK Investigational Site;Belo Horizonte
NCT02369341;GlaxoSmithKline;GSK Investigational Site;São Paulo
NCT04967794;University of Sao Paulo;Marilia G Gomes;Ribeirão Preto
NCT03931525;Quiropraxia y Equilibrio;Universidade Potiguar;Natal
NCT03094676;Universidade Estadual Paulista Júlio de Mesquita Filho;Nilton Mantovani Junior;Presidente Prudente
NCT06976203;Bristol-Myers Squibb;Local Institution - 0115;Fortaleza
NCT06976203;Bristol-Myers Squibb;Local Institution - 0101;Maringá
NCT06976203;Bristol-Myers Squibb;Local Institution - 0099;Rio de Janeiro
NCT06976203;Bristol-Myers Squibb;Local Institution - 0100;São Paulo
NCT02578160;Evelyn Alvarez Vidigal;Faculdade de Odontologia da Universidade de Sao Paulo;São Paulo
NCT03089723;University of Sao Paulo General Hospital;Instituto de Ortopedia e Traumatologia;São Paulo
NCT00474123;University of Sao Paulo;Heart Institute (InCor) HOSPITAL DAS CLINICAS DA FACULDADE DE MEDICINA DA UNIVERSIDADE DE SAO PAULO (HCFMUSP);São Paulo
NCT01946269;University of Sao Paulo;Intensive Care Unit of the Cancer Institute of Sao Paulo State;São Paulo
NCT03092141;University of Sao Paulo;Samuel Katsuyuki Shinjo;São Paulo
NCT00961805;Federal University of São Paulo;Federal University of Sao Paulo;São Paulo
NCT04554823;Hospital Israelita Albert Einstein;Hospital Municipal Vila Santa Catarina;São Paulo
NCT03467282;Hospital de Clinicas de Porto Alegre;Hospital de Clinicas de Porto Alegre;Porto Alegre
NCT01301924;Oswaldo Cruz Foundation;Oswaldo Cruz Foundation - IPEC/FIOCRUZ;Rio de Janeiro
NCT04281446;University of Sao Paulo;Rinaldo Roberto de Jesus Guirro;Ribeirão Preto
NCT04281446;University of Sao Paulo;Universidade de São Paulo;Ribeirão Preto
NCT01358266;Santen Inc.;;Americana
NCT01358266;Santen Inc.;;Araraquara
NCT01358266;Santen Inc.;;Londrina
NCT01358266;Santen Inc.;;Recife
NCT01358266;Santen Inc.;;Rio de Janeiro
NCT01358266;Santen Inc.;;São Paulo
NCT01358266;Santen Inc.;;Sorocaba
NCT02610842;University of Campinas, Brazil;Clinical Hospital of University of Campinas;Campinas
NCT02610842;University of Campinas, Brazil;University of Campinas;Campinas
NCT01487083;Eli Lilly and Company;For additional information regarding investigative sites for this trial, contact 1-877-CTLILLY (1-877-285-4559, 1-317-615-4559) Mon - Fri from 9 AM to 5 PM Eastern Time (UTC/GMT - 5 hours, EST), or speak with your personal physician.;Salvador
NCT01487083;Eli Lilly and Company;For additional information regarding investigative sites for this trial, contact 1-877-CTLILLY (1-877-285-4559, 1-317-615-4559) Mon - Fri from 9 AM to 5 PM Eastern Time (UTC/GMT - 5 hours, EST), or speak with your personal physician.;São Paulo
NCT00644605;Pfizer's Upjohn has merged with Mylan to form Viatris Inc.;Pfizer Investigational Site;São Paulo
NCT02276794;Federal University of Health Science of Porto Alegre;Federal University of Health Sciences of Porto Alegre;Porto Alegre
NCT04248894;University of Sao Paulo General Hospital;Heart Institute;São Paulo
NCT04248894;University of Sao Paulo General Hospital;Heart Institute (InCor);São Paulo
NCT02293382;Alexion Pharmaceuticals, Inc.;;Porte Alegre
NCT04166188;University of Sao Paulo General Hospital;Faculdade de Medicina da Universidade de São Paulo;São Paulo
NCT03403088;University of Sao Paulo;University of Sao Paulo -Ribeirao Preto Campus;Ribeirão Preto
NCT05356403;Cara Therapeutics, Inc.;Cara Therapeutics Study Site;Belo Horizonte
NCT05356403;Cara Therapeutics, Inc.;Cara Therapeutics Study Site;Joinville
NCT05356403;Cara Therapeutics, Inc.;Cara Therapeutics Study Site;Salvador
NCT05356403;Cara Therapeutics, Inc.;Cara Therapeutics Study Site;São Bernardo do Campo
NCT05356403;Cara Therapeutics, Inc.;Cara Therapeutics Study Site;São José do Rio Preto
NCT05356403;Cara Therapeutics, Inc.;Cara Therapeutics Study Site;São Paulo
NCT05356403;Cara Therapeutics, Inc.;Cara Therapeutics Study Site 2;São Paulo
NCT05356403;Cara Therapeutics, Inc.;Cara Therapeutics Study Site;São Paulo
NCT03359070;Galeno Desenvolvimento de Pesquisas Clínicas;Galeno Desenvolvimento de Pesquisas Clinicas Ltda. - ME;Campinas
NCT06226883;Morphic Therapeutic, Inc. (A Wholly Owned Subsidiary of Eli Lilly and Company);Chronos Pesquisa Clínica;Brasília
NCT06226883;Morphic Therapeutic, Inc. (A Wholly Owned Subsidiary of Eli Lilly and Company);Pesquisare;Santo André
NCT06226883;Morphic Therapeutic, Inc. (A Wholly Owned Subsidiary of Eli Lilly and Company);Pesquisare;Santo André
NCT06226883;Morphic Therapeutic, Inc. (A Wholly Owned Subsidiary of Eli Lilly and Company);Clínica Hepatogastro JK;São Paulo
NCT03337724;Hoffmann-La Roche;Santa Casa de Misericordia de Salvador;Salvador
NCT03337724;Hoffmann-La Roche;Hospital Araujo Jorge;
NCT03337724;Hoffmann-La Roche;Departamento de Ginecologia E Mama;Goiânia
NCT03337724;Hoffmann-La Roche;Hospital do Câncer de Londrina;Londrina
NCT03337724;Hoffmann-La Roche;Instituto Nacional de Cancer - INCa;
NCT03337724;Hoffmann-La Roche;Oncologia;Rio de Janeiro
NCT03337724;Hoffmann-La Roche;Hospital Sao Lucas - PUCRS;Porto Alegre
NCT03337724;Hoffmann-La Roche;Hospital Nossa Senhora da Conceicao;Porto Alegre
NCT03337724;Hoffmann-La Roche;Faculdade de Medicina do ABC - FMABC;Santo André
NCT03337724;Hoffmann-La Roche;Hospital Perola Byington;São Paulo
NCT04869527;Biotronik SE & Co. KG;Santa Casa de Misericórdia de Porto Alegre - Brugada Institute;Porto Alegre
NCT04869527;Biotronik SE & Co. KG;BIOTRONIK Coml Médica LTDA;São Paulo
NCT03785769;Universidade Ibirapuera;Tamara Kerber Tedesco;São Paulo
NCT01833416;Helio Tedesco Silva Junior;Hospital do Rim e Hipertensao;São Paulo
NCT04575558;Latin American Cooperative Oncology Group;Núcleo de Oncologia da Bahia - NOB;Salvador
NCT04575558;Latin American Cooperative Oncology Group;Oncoclínicas BH;Belo Horizonte
NCT04575558;Latin American Cooperative Oncology Group;Centro Oncológico do Triângulo - COT;Uberlândia
NCT04575558;Latin American Cooperative Oncology Group;Multihemo;Recife
NCT04575558;Latin American Cooperative Oncology Group;Oncoclinicas RJ;Rio de Janeiro
NCT04575558;Latin American Cooperative Oncology Group;Centro de Pesquisa em Oncologia PUCRS;Porto Alegre
NCT04575558;Latin American Cooperative Oncology Group;Centro Paulista de Oncologia;São Paulo
NCT02589548;Universidade Federal do Rio de Janeiro;Universidade Federal Do Rio de Janeiro;Rio de Janeiro
NCT02194985;Amicus Therapeutics;Clinical Study Site;Porto Alegre
NCT02200614;Bayer;;Fortaleza
NCT02200614;Bayer;;Salvador
NCT02200614;Bayer;;Goiânia
NCT02200614;Bayer;;Belo Horizonte
NCT02200614;Bayer;;Juiz de Fora
NCT02200614;Bayer;;Uberlândia
NCT02200614;Bayer;;Curitiba
NCT02200614;Bayer;;Recife
NCT02200614;Bayer;;Passo Fundo
NCT02200614;Bayer;;Porto Alegre
NCT02200614;Bayer;;Porto Alegre
NCT02200614;Bayer;;Itajaí
NCT02200614;Bayer;;Barretos
NCT02200614;Bayer;;Jaú
NCT02200614;Bayer;;Ribeirao Preto - SP
NCT02200614;Bayer;;São Paulo
NCT02200614;Bayer;;São Paulo
NCT02200614;Bayer;;São Paulo
NCT02200614;Bayer;;São Paulo
NCT02200614;Bayer;;São Paulo
NCT02200614;Bayer;;Sorocaba
NCT03691285;Universidade Federal de Goias;School of Dentistry, Federal University of Goias;Goiânia
NCT04072835;Milestone Pharmaceuticals Inc.;5221;Belo Horizonte
NCT04072835;Milestone Pharmaceuticals Inc.;5217;Brasília
NCT04072835;Milestone Pharmaceuticals Inc.;5215;Campinas
NCT04072835;Milestone Pharmaceuticals Inc.;5222;Canoas
NCT04072835;Milestone Pharmaceuticals Inc.;5207;Curitiba
NCT04072835;Milestone Pharmaceuticals Inc.;5227;Juiz de Fora
NCT04072835;Milestone Pharmaceuticals Inc.;5209;Recife
NCT04072835;Milestone Pharmaceuticals Inc.;5214;Salvador
NCT04072835;Milestone Pharmaceuticals Inc.;5219;Santo André
NCT04072835;Milestone Pharmaceuticals Inc.;5212;São José do Rio Preto
NCT04072835;Milestone Pharmaceuticals Inc.;5220;São Paulo
NCT04072835;Milestone Pharmaceuticals Inc.;5225;São Paulo
NCT04072835;Milestone Pharmaceuticals Inc.;5205;Uberlândia
NCT04072835;Milestone Pharmaceuticals Inc.;5228;Belo Horizonte
NCT04072835;Milestone Pharmaceuticals Inc.;5202;Campinas
NCT04072835;Milestone Pharmaceuticals Inc.;5201;Goiânia
NCT04072835;Milestone Pharmaceuticals Inc.;5229;Jaú
NCT04072835;Milestone Pharmaceuticals Inc.;5235;Rio de Janeiro
NCT04072835;Milestone Pharmaceuticals Inc.;5232;São Paulo
NCT04072835;Milestone Pharmaceuticals Inc.;5204;Tatuí
NCT04072835;Milestone Pharmaceuticals Inc.;5231;Votuporanga
NCT02254408;Gilead Sciences;Hospital de Clínicas de Porto Alegre;Porto Alegre
NCT02254408;Gilead Sciences;Fundacao Faculdade Regional Medicina de Sao Jose do Rio Preto;São Paulo
NCT02254408;Gilead Sciences;Fundação Antonio Prudente - Hospital do Câncer AC Camargo;São Paulo
NCT02254408;Gilead Sciences;Hospital Israelita Albert Einstein;São Paulo
NCT02254408;Gilead Sciences;Hospital Santa Marcelina;São Paulo
NCT02254408;Gilead Sciences;Hospital Universitario USP;São Paulo
NCT02254408;Gilead Sciences;Instituto Brasileiro de Controle do Câncer-IBCC;São Paulo
NCT03183752;Hospital Universitário Clementino Fraga Filho;Patricia Santos;Rio de Janeiro
NCT01121835;Sanofi;Investigational Site Number 076002;Belém
NCT01121835;Sanofi;Investigational Site Number 076005;Curitiba
NCT01121835;Sanofi;Investigational Site Number 076004;Fortaleza
NCT01121835;Sanofi;Investigational Site Number 076001;Porto Alegre
NCT01121835;Sanofi;Investigational Site Number 076003;São Paulo
NCT05433298;Paulo Brofman;Paulo Roberto Slud Brofman;Curitiba
NCT02519699;Federal University of São Paulo;Hospital São Paulo - Universidade Federal de São Paulo;São Paulo
NCT01335321;University of Sao Paulo General Hospital;Instituto de Ortopedia e Traumatologia do Hospital das Clínicas da Universidade de São Paulo;São Paulo
NCT03382626;University of Sao Paulo General Hospital;Ambulatório de Reabilitação Cognitiva do Hospital das Clínicas da Universidade de São Paulo;São Paulo
NCT02014155;University of Santa Cruz do Sul;Universidade de Santa Cruz do Sul;Santa Cruz do Sul
NCT06002126;Weill Medical College of Cornell University;University of São Paulo;São Paulo
NCT03324035;University of Sao Paulo;Hospital Das Clínicas da Faculdade de Medicina da USP;São Paulo
NCT02474498;University of Campinas, Brazil;Piracicaba Dental School, State University of Campinas;Piracicaba
NCT01468987;Eli Lilly and Company;For additional information regarding investigative sites for this trial, contact 1-877-CTLILLY (1-877-285-4559, 1-317-615-4559) Mon - Fri from 9 AM to 5 PM Eastern Time (UTC/GMT - 5 hours, EST), or speak with your personal physician.;Aparecida de Goiânia
NCT01468987;Eli Lilly and Company;For additional information regarding investigative sites for this trial, contact 1-877-CTLILLY (1-877-285-4559, 1-317-615-4559) Mon - Fri from 9 AM to 5 PM Eastern Time (UTC/GMT - 5 hours, EST), or speak with your personal physician.;Brasília
NCT04349514;Monash University;Lab of Neuroimaging and Dept of Neurology, University of Campinas (UNICAMP);São Paulo
NCT03958084;Alessandro Haupenthal;Santa Catarina Federal University;Araranguá
NCT03113084;União Química Farmacêutica Nacional S/A;União Química Farmacêutica Nacional;São Paulo
NCT06470048;Novartis Pharmaceuticals;Novartis Investigative Site;Salvador
NCT06470048;Novartis Pharmaceuticals;Novartis Investigative Site;Curitiba
NCT06470048;Novartis Pharmaceuticals;Novartis Investigative Site;Porto Alegre
NCT06470048;Novartis Pharmaceuticals;Novartis Investigative Site;São José do Rio Preto
NCT06470048;Novartis Pharmaceuticals;Novartis Investigative Site;São Paulo
NCT06470048;Novartis Pharmaceuticals;Novartis Investigative Site;São Paulo
NCT01035255;Novartis Pharmaceuticals;Novartis Investigative Site;Salvador
NCT01035255;Novartis Pharmaceuticals;Novartis Investigative Site;Salvador
NCT01035255;Novartis Pharmaceuticals;Novartis Investigative Site;Brasília
NCT01035255;Novartis Pharmaceuticals;Novartis Investigative Site;Goiânia
NCT01035255;Novartis Pharmaceuticals;Novartis Investigative Site;Goiânia
NCT01035255;Novartis Pharmaceuticals;Novartis Investigative Site;Goiânia
NCT01035255;Novartis Pharmaceuticals;Novartis Investigative Site;São Luís
NCT01035255;Novartis Pharmaceuticals;Novartis Investigative Site;Belo Horizonte
NCT01035255;Novartis Pharmaceuticals;Novartis Investigative Site;Belo Horizonte
NCT01035255;Novartis Pharmaceuticals;Novartis Investigative Site;Uberlândia
NCT01035255;Novartis Pharmaceuticals;Novartis Investigative Site;Curitiba
NCT01035255;Novartis Pharmaceuticals;Novartis Investigative Site;Belém
NCT01035255;Novartis Pharmaceuticals;Novartis Investigative Site;Recife
NCT01035255;Novartis Pharmaceuticals;Novartis Investigative Site;Recife
NCT01035255;Novartis Pharmaceuticals;Novartis Investigative Site;Recife
NCT01035255;Novartis Pharmaceuticals;Novartis Investigative Site;Rio de Janeiro
NCT01035255;Novartis Pharmaceuticals;Novartis Investigative Site;Rio de Janeiro
NCT01035255;Novartis Pharmaceuticals;Novartis Investigative Site;Rio de Janeiro
NCT01035255;Novartis Pharmaceuticals;Novartis Investigative Site;Natal
NCT01035255;Novartis Pharmaceuticals;Novartis Investigative Site;Passo Fundo
NCT01035255;Novartis Pharmaceuticals;Novartis Investigative Site;Porto Alegre
NCT01035255;Novartis Pharmaceuticals;Novartis Investigative Site;Porto Alegre
NCT01035255;Novartis Pharmaceuticals;Novartis Investigative Site;Porto Alegre
NCT01035255;Novartis Pharmaceuticals;Novartis Investigative Site;Marília
NCT01035255;Novartis Pharmaceuticals;Novartis Investigative Site;Ribeirão Preto
NCT01035255;Novartis Pharmaceuticals;Novartis Investigative Site;Santo André
NCT01035255;Novartis Pharmaceuticals;Novartis Investigative Site;Santo André
NCT01035255;Novartis Pharmaceuticals;Novartis Investigative Site;São José do Rio Preto
NCT01035255;Novartis Pharmaceuticals;Novartis Investigative Site;São Paulo
NCT01035255;Novartis Pharmaceuticals;Novartis Investigative Site;São Paulo
NCT01035255;Novartis Pharmaceuticals;Novartis Investigative Site;São Paulo
NCT01035255;Novartis Pharmaceuticals;Novartis Investigative Site;Votuporanga
NCT01824485;University of Sao Paulo General Hospital;Instituto de Ortopedia e Traumatologia HC-FMUSP;São Paulo
NCT06252285;Sanofi Pasteur, a Sanofi Company;AssociaÃ§Ã£o Obras Sociais IrmÃ£ Dulce - Centro de Pesquisa ClÃ-nica (CPEC)- Site Number : 0760009;Salvador
NCT06252285;Sanofi Pasteur, a Sanofi Company;Freire Pesquisa Clínica- Site Number : 0760001;Belo Horizonte
NCT06252285;Sanofi Pasteur, a Sanofi Company;Hospital de Clinicas de Porto Alegre- Site Number : 0760005;Porto Alegre
NCT06252285;Sanofi Pasteur, a Sanofi Company;Hospital Ernesto Dornelles- Site Number : 0760007;Porto Alegre
NCT06252285;Sanofi Pasteur, a Sanofi Company;Hospital Das Clinicas da Faculdade de Medicina de Ribeirão Preto - USP - PPDS- Site Number : 0760010;Ribeirão Preto
NCT06252285;Sanofi Pasteur, a Sanofi Company;Fundação Faculdade Regional de Medicina de São José do Rio Preto- Site Number : 0760006;São José do Rio Preto
NCT06252285;Sanofi Pasteur, a Sanofi Company;Hospital SÃ£o Paulo da Universidade Federal de Sao Paulo - Escola Paulista de Medicina UNIFESP-EPM- Site Number : 0760002;SÃ£O Paulo
NCT06252285;Sanofi Pasteur, a Sanofi Company;Centro Paulista de Investigaçăo Clínica - CEPIC- Site Number : 0760004;São Paulo
NCT02902315;Universidade Federal de Santa Maria;Universidade Federal do Rio Grande;Rio Grande
NCT06136208;Science Valley Research Institute;Irmandade Da Santa Casa De Misericórdia De Santos - Science Valley Research Center;Santos
NCT05027399;University of Sao Paulo General Hospital;Heart Institute (InCor), Hospital das Clinicas do HCFMUSP;São Paulo
NCT01526109;Universidade Gama Filho;Universidade Gama Filho;Rio de Janeiro
NCT00560404;Hoffmann-La Roche;;Belo Horizonte
NCT00560404;Hoffmann-La Roche;;Brasília
NCT00560404;Hoffmann-La Roche;;Campinas
NCT00560404;Hoffmann-La Roche;;Campo Grande
NCT00560404;Hoffmann-La Roche;;Cariacica
NCT00560404;Hoffmann-La Roche;;Curitiba
NCT00560404;Hoffmann-La Roche;;Curitiba
NCT00560404;Hoffmann-La Roche;;Fortaleza
NCT00560404;Hoffmann-La Roche;;Jaboatão dos Guararapes
NCT00560404;Hoffmann-La Roche;;Joinville
NCT00560404;Hoffmann-La Roche;;Juiz de Fora
NCT00560404;Hoffmann-La Roche;;Londrina
NCT00560404;Hoffmann-La Roche;;Natal
NCT00560404;Hoffmann-La Roche;;Porto Alegre
NCT00560404;Hoffmann-La Roche;;Porto Alegre
NCT00560404;Hoffmann-La Roche;;Ribeirão Preto
NCT00560404;Hoffmann-La Roche;;Rio de Janeiro
NCT00560404;Hoffmann-La Roche;;Salvador
NCT00560404;Hoffmann-La Roche;;São José do Rio Preto
NCT00560404;Hoffmann-La Roche;;São Luís
NCT00560404;Hoffmann-La Roche;;São Paulo
NCT00560404;Hoffmann-La Roche;;São Paulo
NCT00560404;Hoffmann-La Roche;;São Paulo
NCT00560404;Hoffmann-La Roche;;São Paulo
NCT00560404;Hoffmann-La Roche;;São Paulo
NCT00560404;Hoffmann-La Roche;;Sorocaba
NCT00106548;Hoffmann-La Roche;;Porto Alegre
NCT00106548;Hoffmann-La Roche;;São Paulo
NCT02688426;Federal University of Health Science of Porto Alegre;Rodrigo Della Méa Plentz;Porto Alegre
NCT06104878;Takeda;Hospital São Rafael - Instituto D'Or de Pesquisa e Ensino;Salvador
NCT06104878;Takeda;Instituto D'Or de Pesquisa e Ensino;Brasília
NCT06104878;Takeda;Oncoclinicas Rio de Janeiro S.A;Rio de Janeiro
NCT06104878;Takeda;Beneficência Portuguesa de São Paulo - Real Benemerita Associação Portuguesa de Beneficência;São Paulo
NCT06104878;Takeda;Hospital Alemão Oswaldo Cruz - HAOC;São Paulo
NCT06104878;Takeda;AC Camargo Cancer Center / Fundação Antonio Prudente Liberdade;São Paulo
NCT06562478;Hospital de Clinicas de Porto Alegre;Hospital de Clínicas de Porto Alegre;Porto Alegre
NCT03348943;University of Sao Paulo;Escola de Artes,Ciencias e Humanidades da Universidade d Sao Paulo;São Paulo
NCT00694109;Kastle Therapeutics, LLC;;São Paulo
NCT04209543;Estetra;Centro De Medicina Reprodutiva Ltda - Clinica Origen;Belo Horizonte
NCT04209543;Estetra;Faculdade de Medicina de Botucatu - UNESP;Botucatu
NCT04209543;Estetra;Centro De Pesquisa Clinica Do Brasil;Brasília
NCT04209543;Estetra;IPCC-Instituto de Pesquisa Clinica de Campinas;Campinas
NCT04209543;Estetra;University of Campinas Medical School;Campinas
NCT04209543;Estetra;Centro de Oncologia de Santa Catarina Ltda / Supera Oncologia;Chapecó
NCT04209543;Estetra;Instituto Tropical de Medicina Reprodutiva - Clinica INTRO;Cuiabá
NCT04209543;Estetra;CEPEME / CERHFAC Centro De Estudos E Pesquisas Em Reproducao Humana E Fertilizacao Assistida De Curitiba Ltda;Curitiba
NCT04209543;Estetra;Federal University Of Ceara;Fortaleza
NCT04209543;Estetra;Universidade Federal Do Rio Grande Do Norte/ Maternidade Escola Januario Cicco;Natal
NCT04209543;Estetra;Hospital Sao Vicente de Paulo, Associacao Hospitalar Beneficente Sao Vicente de Paulo;Passo Fundo
NCT04209543;Estetra;Hospital de Clinicas de Porto Alegre (HCPA);Porto Alegre
NCT04209543;Estetra;Nucleo de Pesquisa Clinica do Rio Grande do Sul Ltda;Porto Alegre
NCT04209543;Estetra;Unidade de Pesquisa Clínica - Centro de Medicina Reprodutiva;Porto Alegre
NCT04209543;Estetra;Hospital Sao Lucas da PUC;Porto Alegre
NCT04209543;Estetra;lnstituto Brasil De Pesquisa Clinica S.A (IBPCLIN);Rio de Janeiro
NCT04209543;Estetra;CEMEC - Faculdade de Medicina do ABC;São Bernardo do Campo
NCT04209543;Estetra;CPQuali Pesquisa Clinica LTDA;São Paulo
NCT04209543;Estetra;CPClin- Centro de Pesquisas Clinicas Ltda./Clinica Dr. Freddy Goldberg Eliaschewitz;São Paulo
NCT04209543;Estetra;Hospital Perola Byington/ Centro de Referencia da Saude da Mulher;São Paulo
NCT04209543;Estetra;Universidade Federal De Sao Paulo (Unifesp) - Hospital Sao Paulo (Hsp);São Paulo
NCT04209543;Estetra;CEPIC - Centro Paulista de Investigacao Clinica e Servicos Medicos Ltda;São Paulo
NCT04209543;Estetra;College - Centro De Pesquisa Clinica E Servicos Medicos Ltda College - Centro De Pesquisa Clinica (Baby Center Medicina Reprodutiva);São Paulo
NCT04209543;Estetra;CEDOES - Centro de Diagnostico e Pesquisa da Osteoporose do Espirito Santo;Vitória
NCT04209543;Estetra;Santa Casa De Votuporanga-Philanthropic hospital;Votuporanga
NCT00792753;Elixir Medical Corporation;Instituto Dante Pazzanese;São Paulo
NCT01353053;Federal University of São Paulo;Hospital Israelita Albert Einstein;São Paulo
NCT02275377;Hospital de Clinicas de Porto Alegre;Leila Moreira;Porto Alegre
NCT06661681;Federal University of Paraíba;Federal University of Paraíba;João Pessoa
NCT02964819;University of Nove de Julho;University of Nove de Julho;São Paulo
NCT03595319;Brasilia University Hospital;Hospital Universitário de Brasilia;Brasília
NCT06647407;Sanofi Pasteur, a Sanofi Company;Nelson Rosario Medicos Associados S/S Site Number : 0760004;Curitiba
NCT06647407;Sanofi Pasteur, a Sanofi Company;UFMG Site Number : 0760001;Belo Horizonte
NCT03143387;Faculty Sao Leopoldo Mandic Campinas;Faculdade Sao Leopoldo Mandic;Campinas
NCT03064516;Susana Morimoto;Universidade Ibirapuera;São Paulo
NCT03645616;Alessandro Haupenthal;Santa Catarina Federal University;Araranguá
NCT02531516;Aragon Pharmaceuticals, Inc.;;Barretos
NCT02531516;Aragon Pharmaceuticals, Inc.;;Belo Horizonte
NCT02531516;Aragon Pharmaceuticals, Inc.;;Campinas
NCT02531516;Aragon Pharmaceuticals, Inc.;;Curitiba
NCT02531516;Aragon Pharmaceuticals, Inc.;;Florianópolis
NCT02531516;Aragon Pharmaceuticals, Inc.;;Goiânia
NCT02531516;Aragon Pharmaceuticals, Inc.;;Ijuí
NCT02531516;Aragon Pharmaceuticals, Inc.;;Natal
NCT02531516;Aragon Pharmaceuticals, Inc.;;Porto Alegre
NCT02531516;Aragon Pharmaceuticals, Inc.;;Ribeirão Preto
NCT02531516;Aragon Pharmaceuticals, Inc.;;Rio de Janeiro
NCT02531516;Aragon Pharmaceuticals, Inc.;;Salvador
NCT02531516;Aragon Pharmaceuticals, Inc.;;Santo André
NCT02531516;Aragon Pharmaceuticals, Inc.;;São José do Rio Preto
NCT02531516;Aragon Pharmaceuticals, Inc.;;São Paulo
NCT02531516;Aragon Pharmaceuticals, Inc.;;Sorocaba
NCT05910216;Federal University of Health Science of Porto Alegre;Aline;Porto Alegre
NCT00877006;Teva Branded Pharmaceutical Products R&D, Inc.;Teva Investigational Site 503;Barretos
NCT00877006;Teva Branded Pharmaceutical Products R&D, Inc.;Teva Investigational Site 504;Brasília
NCT00877006;Teva Branded Pharmaceutical Products R&D, Inc.;Teva Investigational Site 506;Curitiba
NCT00877006;Teva Branded Pharmaceutical Products R&D, Inc.;Teva Investigational Site 505;Goiânia
NCT00877006;Teva Branded Pharmaceutical Products R&D, Inc.;Teva Investigational Site 502;Jaú
NCT00877006;Teva Branded Pharmaceutical Products R&D, Inc.;Teva Investigational Site 509;Lajeado
NCT00877006;Teva Branded Pharmaceutical Products R&D, Inc.;Teva Investigational Site 507;Porto Alegre
NCT00877006;Teva Branded Pharmaceutical Products R&D, Inc.;Teva Investigational Site 508;Porto Alegre
NCT00877006;Teva Branded Pharmaceutical Products R&D, Inc.;Teva Investigational Site 511;Rio de Janeiro
NCT00877006;Teva Branded Pharmaceutical Products R&D, Inc.;Teva Investigational Site 500;Santo André
NCT00877006;Teva Branded Pharmaceutical Products R&D, Inc.;Teva Investigational Site 501;São Paulo
NCT01700998;Universidade do Extremo Sul Catarinense - Unidade Academica de Ciecias da Saude;Hospital Sao Jose;Criciúma
NCT02050399;Universidade Federal de Sao Carlos;Universidade Federal de São Carlos;São Carlos
NCT01032798;University of Campinas, Brazil;University of Campinas;Campinas
NCT03852563;Bayer;Medcin Instituto da Pele;São Paulo
NCT01971099;Federal University of Minas Gerais;Hospital das Clinicas - Universidade Federal de Minas Gerais;Belo Horizonte
NCT02798263;Federal University of São Paulo;University Federal of Sao Paulo;São Paulo
NCT05202704;Universidade Federal de Sao Carlos;Unidade Saúde Escola - USE;São Carlos
NCT03383185;Federal University of São Paulo;Federal University of Sao Paulo - Unifesp;São Paulo
NCT06669754;Pharvaris Netherlands B.V.;Study Site;Santo André
NCT03119805;Groupe Hospitalier Pitie-Salpetriere;Palominos;Porto Alegre
NCT00635037;Federal University of São Paulo;Pain Setor of Federal University of Sao Paulo;São Paulo
NCT01649856;Hoffmann-La Roche;Crio - Centro Regional Integrado de Oncologia;Fortaleza
NCT01649856;Hoffmann-La Roche;Instituto Nacional de Cancer - INCa;
NCT01649856;Hoffmann-La Roche;Oncologia;Rio de Janeiro
NCT01649856;Hoffmann-La Roche;Clinicas Oncologicas Integradas - COI;Rio de Janeiro
NCT01649856;Hoffmann-La Roche;Hospital Giovanni Battista - Mae de Deus Center;
NCT01649856;Hoffmann-La Roche;Instituto do Cancer;Porto Alegre
NCT01649856;Hoffmann-La Roche;Hospital Amaral Carvalho;Jaú
NCT01649856;Hoffmann-La Roche;Hospital das Clinicas - FMUSP;
NCT01649856;Hoffmann-La Roche;Hematologia;São Paulo
NCT02055651;Bayer;;São Paulo
NCT02177929;Universidade do Vale do Paraíba;Universidade do Vale do Paraíba;São José dos Campos
NCT06917131;Universidade Federal Fluminense;Denise Mafra;Rio de Janeiro
NCT03171077;Federal University of Bahia;Complex Hospital Professor Edgard Santos, Federal University of Bahia;Salvador
NCT02469454;University of Sao Paulo;Clinical Hospital of Sao Paulo University;Ribeirão Preto
NCT02299505;Novartis Pharmaceuticals;Novartis Investigative Site;Natal
NCT02299505;Novartis Pharmaceuticals;Novartis Investigative Site;Passo Fundo
NCT02299505;Novartis Pharmaceuticals;Novartis Investigative Site;Porto Alegre
NCT02299505;Novartis Pharmaceuticals;Novartis Investigative Site;Itajaí
NCT02299505;Novartis Pharmaceuticals;Novartis Investigative Site;Barretos
NCT02299505;Novartis Pharmaceuticals;Novartis Investigative Site;São Paulo
NCT03232866;Paulista University;Franciele Marques Vanderlei;Presidente Prudente
NCT00903422;GlaxoSmithKline;GSK Investigational Site;Salvador
NCT00903422;GlaxoSmithKline;GSK Investigational Site;Belo Horizonte
NCT00903422;GlaxoSmithKline;GSK Investigational Site;Rio de Janeiro
NCT00903422;GlaxoSmithKline;GSK Investigational Site;Rio de Janeiro
NCT01461954;Shire;Hospital São Paulo/Federal University of São Paulo (UNIFESP);São Paulo
NCT01335594;Luciana Almeida Moreira da Paz Oliveira;Instituto de Assistência Médica ao Servidor Público Estadual;São Paulo
NCT00741754;UPECLIN HC FM Botucatu Unesp;Dental School - São Paulo State University;Araçatuba
NCT00600756;AstraZeneca;Research Site;Fortaleza
NCT00600756;AstraZeneca;Research Site;Salvador
NCT00600756;AstraZeneca;Research Site;Aparecida de Goiânia
NCT00600756;AstraZeneca;Research Site;Belo Horizonte
NCT00600756;AstraZeneca;Research Site;Curitiba
NCT00600756;AstraZeneca;Research Site;Recife
NCT00600756;AstraZeneca;Research Site;Rio de Janeiro
NCT00600756;AstraZeneca;Research Site;Porto Alegre
NCT00600756;AstraZeneca;Research Site;Itapira
NCT00600756;AstraZeneca;Research Site;Ribeirão Preto
NCT00600756;AstraZeneca;Research Site;São Paulo
NCT00600756;AstraZeneca;Research Site;Sorocaba
NCT00600756;AstraZeneca;Research Site;Botucatu
NCT02809729;Fabiola Soares Moreira Campos;Universidade Do Vale Do Sapucai;Pouso Alegre
NCT03596645;Janssen Research & Development, LLC;MK Blumenau Pesquisa Clínica;Blumenau
NCT03596645;Janssen Research & Development, LLC;Hospital Pequeno Principe;Curitiba
NCT03596645;Janssen Research & Development, LLC;Irmandade Santa Casa de Misericordia de Porto Alegre;Porto Alegre
NCT03596645;Janssen Research & Development, LLC;BR Trials;São Paulo
NCT06129539;Debiopharm International SA;Hospital Universitário João de Barros Barreto;Belém
NCT06129539;Debiopharm International SA;Hospital Da Criança de Brasília Jose Alencar;Brasília
NCT06129539;Debiopharm International SA;CETI - Centro de Estudos em Terapias Inovadoras Ltda;Curitiba
NCT06129539;Debiopharm International SA;Hospital Universitario Walter Cantidio;Fortaleza
NCT06129539;Debiopharm International SA;Clínica de Endocrinologia e Metabologia Ltda;Lago Sul
NCT06129539;Debiopharm International SA;Nucleo de Pesquisa Clínica do Rio Grande do Sul-NPCRS;Porto Alegre
NCT06129539;Debiopharm International SA;Fundação Faculdade Regional de Medicina de São José do Rio Preto;São José do Rio Preto
NCT06129539;Debiopharm International SA;CPCLIN - Centro de Pesquisas Clínicas Ltda.;São Paulo
NCT06129539;Debiopharm International SA;CPQuali Pesquisa Clinica;São Paulo
NCT06129539;Debiopharm International SA;Irmandade Santa Casa de São Paulo;São Paulo
NCT06129539;Debiopharm International SA;Integral Pesquisa e Ensino;Votuporanga
NCT02743494;Bristol-Myers Squibb;Local Institution - 0095;Brasília
NCT02743494;Bristol-Myers Squibb;Local Institution - 0096;Belo Horizonte
NCT02743494;Bristol-Myers Squibb;Local Institution - 0221;Curitiba
NCT02743494;Bristol-Myers Squibb;Local Institution - 0059;Ijuí
NCT02743494;Bristol-Myers Squibb;Local Institution - 0060;Porto Alegre
NCT02743494;Bristol-Myers Squibb;Local Institution - 0223, Itacorubi;Florianopolis
NCT02743494;Bristol-Myers Squibb;Local Institution - 0061;Barretos
NCT02743494;Bristol-Myers Squibb;Local Institution - 0222;Sao Jose de Rio Preto
NCT02743494;Bristol-Myers Squibb;Local Institution - 0065;Rio de Janeiro
NCT02743494;Bristol-Myers Squibb;Local Institution - 0064;Salvador
NCT02743494;Bristol-Myers Squibb;Local Institution - 0062;São Paulo
NCT02743494;Bristol-Myers Squibb;Local Institution - 0063;São Paulo
NCT04511429;D'Or Institute for Research and Education;Hospital Federal de Bonsucesso;Rio de Janeiro
NCT04511429;D'Or Institute for Research and Education;Hospital Estadual da Criança;Rio de Janeiro
NCT01920529;Instituto Materno Infantil Prof. Fernando Figueira;Integral Medicine Institute Professor. Fernando Figueira-IMIP;Recife
NCT04943445;Latin American Cooperative Oncology Group;CRIO - Centro Regional Integrado de Oncologia;Fortaleza
NCT04943445;Latin American Cooperative Oncology Group;Liga Norte Riograndense Contra o Câncer;Natal
NCT04943445;Latin American Cooperative Oncology Group;CPO - Centro de Pesquisa em Oncologia do Hospital São Lucas da PUCRS;Porto Alegre
NCT04943445;Latin American Cooperative Oncology Group;Hospital de Amor de Barretos;Barretos
NCT04943445;Latin American Cooperative Oncology Group;Hospital das Clínicas da Faculdade de Medicina de Ribeirão Preto - USP;Ribeirão Preto
NCT04943445;Latin American Cooperative Oncology Group;FUNFARME - Hospital de Base de São José do Rio Preto;São José do Rio Preto
NCT04943445;Latin American Cooperative Oncology Group;INCA - Instituto Nacional de Câncer;Rio de Janeiro
NCT04943445;Latin American Cooperative Oncology Group;ICESP - Instituto do Câncer do Estado de São Paulo;São Paulo
NCT04943445;Latin American Cooperative Oncology Group;BP - A Beneficência Portuguesa de São Paulo;São Paulo
NCT04943445;Latin American Cooperative Oncology Group;A.C. Camargo Cancer Center;São Paulo
NCT00536354;University of Sao Paulo;University of São Paulo;São Paulo
NCT00428051;Pfizer;Pfizer Investigational Site;Goiânia
NCT03154931;University of Sao Paulo General Hospital;AMBAN - Anxiety Program at IPQ-HCFMUSP;São Paulo
NCT01547195;Federal University of São Paulo;Ambulatory at UNIFESP;São Paulo
NCT01547195;Federal University of São Paulo;Universidade Federal de São Paulo;São Paulo
NCT03506594;Centro de Atenção ao Assoalho Pélvico;Centro de Atenção ao Assoalho Pelvico;Salvador
NCT01082731;Centers for Disease Control and Prevention;Hospital Geral Maternidade de Cruzeiro do Sul;Cruzeiro do Sul
NCT01082731;Centers for Disease Control and Prevention;Centro de Pesquisa em Patologias Tropicais;Porto Velho
NCT04219241;Azidus Brasil;Azidus Brasil Pesquisa Científica e Desenvolvimento Ltda.;Valinhos
NCT00496769;Bristol-Myers Squibb;Local Institution;Salvador
NCT00496769;Bristol-Myers Squibb;Local Institution;Salvador
NCT00496769;Bristol-Myers Squibb;Local Institution;Belo Horizonte
NCT00496769;Bristol-Myers Squibb;Local Institution;Uberaba
NCT00496769;Bristol-Myers Squibb;Local Institution;Uberaba
NCT00496769;Bristol-Myers Squibb;Local Institution;Campina Grande do Sul
NCT00496769;Bristol-Myers Squibb;Local Institution;Curitiba
NCT00496769;Bristol-Myers Squibb;Local Institution;Curitiba
NCT00496769;Bristol-Myers Squibb;Local Institution;Maringá
NCT00496769;Bristol-Myers Squibb;Local Institution;Belém
NCT00496769;Bristol-Myers Squibb;Local Institution;Natal
NCT00496769;Bristol-Myers Squibb;Local Institution;Porto Alegre
NCT00496769;Bristol-Myers Squibb;Local Institution;Porto Alegre
NCT00496769;Bristol-Myers Squibb;Local Institution;Porto Alegre
NCT00496769;Bristol-Myers Squibb;Local Institution;Porto Alegre
NCT00496769;Bristol-Myers Squibb;Local Institution;Porto Alegre
NCT00496769;Bristol-Myers Squibb;Local Institution;Porto Alegre
NCT00496769;Bristol-Myers Squibb;Local Institution;Blumenau
NCT00496769;Bristol-Myers Squibb;Local Institution;São José
NCT00496769;Bristol-Myers Squibb;Local Institution;Botucatu
NCT00496769;Bristol-Myers Squibb;Local Institution;Campinas
NCT00496769;Bristol-Myers Squibb;Local Institution;Marília
NCT00496769;Bristol-Myers Squibb;Local Institution;Marília
NCT00496769;Bristol-Myers Squibb;Local Institution;San Jose- Do Rio Preto
NCT00496769;Bristol-Myers Squibb;Local Institution;São José do Rio Preto
NCT00496769;Bristol-Myers Squibb;Local Institution;São José do Rio Preto
NCT00496769;Bristol-Myers Squibb;Local Institution;São José do Rio Preto
NCT00496769;Bristol-Myers Squibb;Local Institution;Rio de Janeiro
NCT00496769;Bristol-Myers Squibb;Local Institution;São Paulo
NCT00496769;Bristol-Myers Squibb;Local Institution;São Paulo
NCT00496769;Bristol-Myers Squibb;Local Institution;São Paulo
NCT00496769;Bristol-Myers Squibb;Local Institution;São Paulo
NCT06542666;Federal University of Paraíba;Federal University of Paraíba;João Pessoa
NCT02300051;University of Sao Paulo General Hospital;Instituto de Psiquiatria do Hospital das Clínicas da Universidade de São Paulo[University of Sao Paulo General Hospital];São Paulo
NCT04753151;Hospital de Clinicas de Porto Alegre;Andre Prato Schmidt;Porto Alegre
NCT00297102;AstraZeneca;Altana Pharma/Nycomed Investigational Site;Belo Horizonte - MG CEP
NCT00297102;AstraZeneca;Altana Pharma/Nycomed Investigational Site;Botucatu - SP CEP
NCT00297102;AstraZeneca;Altana Pharma/Nycomed Investigational Site;Curitiba-PR
NCT00297102;AstraZeneca;Altana Pharma/Nycomed Investigational Site;Florianópolis-SC
NCT00297102;AstraZeneca;Altana Pharma/Nycomed Investigational Site;Juiz de Fora-MG
NCT00297102;AstraZeneca;Altana Pharma/Nycomed Investigational Site;Porto Alegre
NCT00297102;AstraZeneca;Altana Pharma/Nycomed Investigational Site;Porto Alegre-RS
NCT00297102;AstraZeneca;Altana Pharma/Nycomed Investigational Site;Porto Alegre-RS
NCT00297102;AstraZeneca;Altana Pharma/Nycomed Investigational Site;Quadra 605 Brasilia - DF
NCT00297102;AstraZeneca;Altana Pharma/Nycomed Investigational Site;Recife - PE
NCT00297102;AstraZeneca;Altana Pharma/Nycomed Investigational Site;Rio de Janeiro-RJ
NCT00297102;AstraZeneca;Altana Pharma/Nycomed Investigational Site;Santo André-SP
NCT00297102;AstraZeneca;Altana Pharma/Nycomed Investigational Site;São Paulo-SP
NCT00297102;AstraZeneca;Altana Pharma/Nycomed Investigational Site;São Paulo-SP
NCT00297102;AstraZeneca;Altana Pharma/Nycomed Investigational Site;São Paulo-SP
NCT03853512;Bayer;Medcin Instituto da Pele;São Paulo
NCT03684330;Maíra F Pessoa;UFPE;Recife
NCT03853109;Amgen;Nucleo de Oncologia da Bahia;Salvador
NCT03853109;Amgen;Hospital Sao Lucas da Pontificia Universidade Catolica do Rio Grande do Sul;Porto Alegre
NCT03853109;Amgen;Hospital de Base de Sao Jose do Rio Preto;São José do Rio Preto
NCT03853109;Amgen;Sociedade Beneficente de Senhoras Hospital Sirio Libanes;São Paulo
NCT03853109;Amgen;Instituto Coi;Rio de Janeiro
NCT02658175;Akcea Therapeutics;IONIS Investigative Site;São Paulo
NCT02658175;Akcea Therapeutics;IONIS Investigative Site;São Paulo
NCT03456219;Federal University of Uberlandia;Cibele Aparecida Crispim;Uberlândia
NCT01372865;Eurofarma Laboratorios S.A.;IMA Brasil - Instituto de Pesquisa Clínica e Medicina Avançada;São Paulo
NCT03117244;Faculdade de Ciências Médicas da Santa Casa de São Paulo;Claudio Cazarini Júnior;São Paulo
NCT02411812;Klaus Barretto-Lopes;Rio de Janeiro State University;Rio de Janeiro
NCT02528630;Federal University of São Paulo;Universidade Federal de Sao Paulo;São Paulo
NCT00499707;GlaxoSmithKline;GSK Investigational Site;Recife
NCT00499707;GlaxoSmithKline;GSK Investigational Site;São Paulo
NCT01633112;Novartis Pharmaceuticals;Novartis Investigative Site;Belo Horizonte
NCT01633112;Novartis Pharmaceuticals;Novartis Investigative Site;Porto Alegre
NCT01633112;Novartis Pharmaceuticals;Novartis Investigative Site;Joinville
NCT01633112;Novartis Pharmaceuticals;Novartis Investigative Site;São Paulo
NCT01633112;Novartis Pharmaceuticals;Novartis Investigative Site;Campina Grande do Sul
NCT01633112;Novartis Pharmaceuticals;Novartis Investigative Site;Goiânia
NCT01633112;Novartis Pharmaceuticals;Novartis Investigative Site;Passo Fundo
NCT01633112;Novartis Pharmaceuticals;Novartis Investigative Site;Rio de Janeiro
NCT01633112;Novartis Pharmaceuticals;Novartis Investigative Site;São Paulo
NCT02982577;University of Sao Paulo;University of São Paulo;Ribeirão Preto
NCT04512677;Universidade Federal Fluminense;Universidade Federal Fluminense;Niterói
NCT04512677;Universidade Federal Fluminense;Hospital e Clínica São Gonçalo;São Gonçalo
NCT05590481;Instituto Materno Infantil Prof. Fernando Figueira;Instituto de medicina integral fernando figueira;Recife
NCT00678392;Pfizer;Clinica Oncologistas Associados;Rio de Janeiro
NCT00678392;Pfizer;Irmandade da Santa Casa de Misericordia de Porto Alegre (ISCMPA) - Hospital Santa Rita;Porto Alegre
NCT00678392;Pfizer;Fundacao Pio XII Hospital de Cancer de Barretos;Barretos
NCT00678392;Pfizer;Fundacao Antonio Prudente;São Paulo
NCT01731834;Federal University of Uberlandia;FUUberlândia;Uberlândia
NCT01155128;Federal University of Pelotas;University Federal of Pelotas;Pelotas
NCT02364765;Federal University of Minas Gerais;Department of Oral and Maxillofacial Surgery - Baleia Hospital;Belo Horizonte
NCT01682707;Federal University of Juiz de Fora;National Institute of Cardiology / Ministry of Health;Rio de Janeiro
NCT05050136;Mirum Pharmaceuticals, Inc.;Centro de Pesquisa Clínica da Bahiana Saúde;Salvador
NCT05050136;Mirum Pharmaceuticals, Inc.;Hospital Das Clínicas Da Ufg;Goiânia
NCT05050136;Mirum Pharmaceuticals, Inc.;Centro de Pesquisas Clínicas do HC/UFMG-EBSERH;Belo Horizonte
NCT05050136;Mirum Pharmaceuticals, Inc.;Hospital de Clínicas de Porto Alegre;Porto Alegre
NCT05050136;Mirum Pharmaceuticals, Inc.;Fundação Oswaldo Ramos;São Paulo
NCT04270201;Instituto do Cancer do Estado de São Paulo;Instituto do Câncer do Estado de São Paulo;São Paulo
NCT02301975;GlaxoSmithKline;GSK Investigational Site;Salvador
NCT02301975;GlaxoSmithKline;GSK Investigational Site;Goiânia
NCT02301975;GlaxoSmithKline;GSK Investigational Site;Porto Alegre
NCT02301975;GlaxoSmithKline;GSK Investigational Site;São Paulo
NCT02301975;GlaxoSmithKline;GSK Investigational Site;São Paulo
NCT02870257;University of Nove de Julho;UNINOVE;São Paulo
NCT02824601;Universidade Estadual Paulista Júlio de Mesquita Filho;Universidade Estadual Paulista Júlio de Mesquita Filho;São José dos Campos
NCT03746275;Bayer;Multiple facilities;Multiple Locations
NCT01428557;Hospital do Coracao;Hospital do Coracao;São Paulo
NCT06768528;University of Sao Paulo General Hospital;Instituto do Coração - Hospital das Clínicas - Faculdade de Medicina da Universidade de São Paulo;São Paulo
NCT07188844;Immunovant Sciences GmbH;Site Number - 9103;Brasília
NCT07188844;Immunovant Sciences GmbH;Site Number - 9101;Curitiba
NCT07188844;Immunovant Sciences GmbH;Site Number - 9100;Ribeirão Preto
NCT03343912;Galeno Desenvolvimento de Pesquisas Clínicas;Galeno Desenvolvimento de Pesquisas Clinicas Ltda. - ME;Campinas
NCT02475681;Acerta Pharma BV;Research Site;Barretos
NCT02475681;Acerta Pharma BV;Research Site;Florianópolis
NCT02475681;Acerta Pharma BV;Research Site;Passo Fundo
NCT02475681;Acerta Pharma BV;Research Site;Porto Alegre
NCT02475681;Acerta Pharma BV;Research Site;Porto Alegre
NCT02475681;Acerta Pharma BV;Research Site;São Paulo
NCT05946330;Universidade Federal do Paraná;Hospital de Clínicas da Universidade Federal do Paraná;Curitiba
NCT01731509;University of Sao Paulo General Hospital;Hospital das Clinicas da Faculdade de Medicina da Universidade de Sao Paulo;São Paulo
NCT01027364;Bioverativ Therapeutics Inc.;Research Site;Campinas
NCT03868241;Hospital do Coracao;Hospital de Base de São José do Rio Preto;Rio Preto
NCT03868241;Hospital do Coracao;Hospital do Coração;São Paulo
NCT03868241;Hospital do Coracao;AC Camargo Câncer Center;São Paulo
NCT03868241;Hospital do Coracao;Hospital da Luz;São Paulo
NCT03868241;Hospital do Coracao;Hospital Paulistano;São Paulo
NCT03868241;Hospital do Coracao;Hospital São Paulo - UNIFESP;São Paulo
NCT02065505;Universidade do Vale do Paraíba;Rehabilitation Engineering Laboratory of Sensory Motor;São José dos Campos
NCT04221451;Genzyme, a Sanofi Company;Hospital de Clinicas de Porto Alegre _investigational site number 0760001;Porto Alegre
NCT00484068;Hospital de Clinicas de Porto Alegre;HCPortoAlegre;Porto Alegre
NCT06120491;AstraZeneca;Research Site;Curitiba
NCT06120491;AstraZeneca;Research Site;Pelotas
NCT06120491;AstraZeneca;Research Site;Porto Alegre
NCT06120491;AstraZeneca;Research Site;Porto Alegre
NCT06120491;AstraZeneca;Research Site;Rio de Janeiro
NCT06120491;AstraZeneca;Research Site;Salvador
NCT06120491;AstraZeneca;Research Site;São Luís
NCT06120491;AstraZeneca;Research Site;São Paulo
NCT06120491;AstraZeneca;Research Site;São Paulo
NCT06120491;AstraZeneca;Research Site;São Paulo
NCT06455449;AstraZeneca;Research Site;Joinville
NCT06455449;AstraZeneca;Research Site;Juiz de Fora
NCT06455449;AstraZeneca;Research Site;Pelotas
NCT06455449;AstraZeneca;Research Site;Porto Alegre
NCT06455449;AstraZeneca;Research Site;Salvador
NCT06455449;AstraZeneca;Research Site;Salvador
NCT06455449;AstraZeneca;Research Site;São José do Rio Preto
NCT06455449;AstraZeneca;Research Site;São Paulo
NCT04367233;University of Sao Paulo General Hospital;Hospital das Clínicas - Faculdade de Medicina da Universidade de Sao Paulo;São Paulo
NCT01839526;Genzyme, a Sanofi Company;Investigational Site Number 076001;Porto Alegre
NCT00315133;University of Sao Paulo;Hospital das Clínicas da Faculdade de Medicina de Ribeirão Preto da Universidade de São Paulo;Ribeirão Preto
NCT03743649;M.D. Anderson Cancer Center;Hosptial de Cancer de Barretos;Barretos
NCT00757978;Hospital de Clinicas de Porto Alegre;Hospital de Clinicas de Porto Alegre;Porto Alegre
NCT00543725;Tibotec Pharmaceuticals, Ireland;;Campinas
NCT00543725;Tibotec Pharmaceuticals, Ireland;;Distrito Barao Geraldo-Campina
NCT00543725;Tibotec Pharmaceuticals, Ireland;;Pinheiros
NCT00543725;Tibotec Pharmaceuticals, Ireland;;Recife
NCT00543725;Tibotec Pharmaceuticals, Ireland;;São Paulo
NCT00659308;Federal University of São Paulo;Federal University of Sao Paulo;São Paulo
NCT04015674;Hospital de Clinicas de Porto Alegre;Hospital de Clinicas de Porto Alegre;Porto Alegre
NCT00949533;Hoffmann-La Roche;;Curitiba
NCT00949533;Hoffmann-La Roche;;São Paulo
NCT00949533;Hoffmann-La Roche;;São Paulo
NCT02208791;University of Sao Paulo General Hospital;Hospital das Clinicas - Faculdade de Medicina da Universidade de São Paulo;São Paulo
NCT07091747;Federal University of Latin American Integration;Universidade Federal da Integração Latino-Americana;Foz do Iguaçu
NCT00834938;University of Campinas, Brazil;LIMED (Laboratory of Investigation of Metabolism and Diabetes)/GASTROCENTRO/Univeristy of Campinas (UNICAMP);Campinas
NCT02682355;Rutgers, The State University of New Jersey;Hospital Sao Lucas da - PUC / RS;Porto Alegre
NCT02682355;Rutgers, The State University of New Jersey;Hospital Moinhos de Vento;Porto Alegre
NCT00747526;Janssen Research & Development, LLC;;São Paulo
NCT02648347;Akebia Therapeutics;Research Site;Fortaleza
NCT02648347;Akebia Therapeutics;Research Site;Fortaleza
NCT02648347;Akebia Therapeutics;Research Site;Vitória
NCT02648347;Akebia Therapeutics;Research Site;Feira de Santana
NCT02648347;Akebia Therapeutics;Research Site;Itabuna
NCT02648347;Akebia Therapeutics;Research Site;Belo Horizonte
NCT02648347;Akebia Therapeutics;Research Site;Juiz de Fora
NCT02648347;Akebia Therapeutics;Research Site;Curitiba
NCT02648347;Akebia Therapeutics;Research Site #1;Curitiba
NCT02648347;Akebia Therapeutics;Research Site #2;Curitiba
NCT02648347;Akebia Therapeutics;Research Site;Maringá
NCT02648347;Akebia Therapeutics;Research Site;Rio de Janeiro
NCT02648347;Akebia Therapeutics;Research Site;Canoas
NCT02648347;Akebia Therapeutics;Research Site;Caxias do Sul
NCT02648347;Akebia Therapeutics;Research Site;Passo Fundo
NCT02648347;Akebia Therapeutics;Research Site;Porto Alegre
NCT02648347;Akebia Therapeutics;Research Site;Porto Alegre
NCT02648347;Akebia Therapeutics;Research Site;Porto Alegre
NCT02648347;Akebia Therapeutics;Research Site;Porto Alegre
NCT02648347;Akebia Therapeutics;Research Site;Criciúma
NCT02648347;Akebia Therapeutics;Research Site;Joinville
NCT02648347;Akebia Therapeutics;Research Site;Botucatu
NCT02648347;Akebia Therapeutics;Research Site;Campinas
NCT02648347;Akebia Therapeutics;Research Site;Santo André
NCT02648347;Akebia Therapeutics;Research Site;Santo André
NCT02648347;Akebia Therapeutics;Research Site;São Bernardo do Campo
NCT02648347;Akebia Therapeutics;Research Site;São Paulo
NCT02648347;Akebia Therapeutics;Research Site;São Paulo
NCT02648347;Akebia Therapeutics;Research Site;São Paulo
NCT03409315;University Medical Center Groningen;Hélio Fraga Reference Center;Rio de Janeiro
NCT07156708;Federal University of Pelotas;Escola Superior de Educação Física e Fisioterapia;Pelotas
NCT04889040;Hoffmann-La Roche;L2 Ip Instituto de Pesquisas Clinicas Ltda ME;
NCT04889040;Hoffmann-La Roche;Centro Medico Hospitalar;Brasília
NCT04889040;Hoffmann-La Roche;Chronos Pesquisa Clinica;Taguatinga
NCT04889040;Hoffmann-La Roche;Hospital Nossa Senhora das Graças;Curitiba
NCT04889040;Hoffmann-La Roche;Hospital Agamenon Magalhães;Recife
NCT04889040;Hoffmann-La Roche;Conjunto Hospitalar do Mandaqui;São Paulo
NCT02437552;University of Sao Paulo;Policlínica Pato Branco;Pato Branco
NCT03263247;São Paulo State University;University of Sao Paulo;São Paulo
NCT02815358;Federal University of Health Science of Porto Alegre;Federal University of Health Sciences of Porto Alegre;Porto Alegre
NCT01667315;Federal University of São Paulo;Federal University of Sao Paulo;São Paulo
NCT03090217;Federal University of Health Science of Porto Alegre;Comitê de Ética em Pesquisa - Santa Casa de Misericórdia de Porto Alegre;Porto Alegre
NCT01265121;University of Sao Paulo General Hospital;General Hospital of the University of São Paulo;São Paulo
NCT02043314;Oswaldo Cruz Foundation;Synchrophar - Ass. e Desenv. de Projetos Clínicos Ltda.;Campinas
NCT02161614;Federal University of Minas Gerais;Hospital das Clinicas - Universidade Federal de Minas Gerais;Belo Horizonte
NCT06570616;University of Sao Paulo General Hospital;Sleep Laboratory, Heart Institute, Pulmonary Division, Hospital das Clínicas da Universidade de São Paulo;São Paulo
NCT06570616;University of Sao Paulo General Hospital;InCor - Instituto do Coração do Hospital das Clínicas da FMUSP;São Paulo
NCT00302016;Novartis Pharmaceuticals;Novartis Investigative Site;Belo Horizonte
NCT00302016;Novartis Pharmaceuticals;Novartis Investigative Site;Brasilia-DF
NCT00302016;Novartis Pharmaceuticals;Novartis Investigative Site;Campinas
NCT00302016;Novartis Pharmaceuticals;Novartis Investigative Site;Curitaba
NCT00302016;Novartis Pharmaceuticals;Novartis Investigative Site;Curitiba
NCT00302016;Novartis Pharmaceuticals;Novartis Investigative Site;Porto Alegre-RS
NCT00302016;Novartis Pharmaceuticals;Novartis Investigative Site;Ribeirão Preto
NCT00302016;Novartis Pharmaceuticals;Novartis Investigative Site;Rio de Janeiro
NCT00302016;Novartis Pharmaceuticals;Novartis Investigative Site;São Paulo
NCT06068504;University of Nove de Julho;University Nove de Julho;São Paulo
NCT04911946;University of Sao Paulo General Hospital;Instituto de Ortopedia e Traumatologia do Hospital das Clinicas da Faculdade de Medicina da Universidade de São Paulo;São Paulo
NCT03154970;Universidade Federal de Santa Maria;Universidade Federal de Santa Maria;Santa Maria
NCT05403541;Immunovant Sciences GmbH;Site Number - 5501;Ribeirão Preto
NCT05403541;Immunovant Sciences GmbH;Site Number- 5503;Rio de Janeiro
NCT01354054;University of Iowa;Department of Physical Therapy Federal university of Sergipe;Aracaju
NCT06917794;D'Or Institute for Research and Education;Instituto D'Or de Pesquisa e Ensino;Fortaleza
NCT06917794;D'Or Institute for Research and Education;CPOC - Centro de Pesquisa Oncológica e Clínica, faz parte do Complexo Associação Obras Sociais lrmã Dulce (AOSID);Salvador
NCT06917794;D'Or Institute for Research and Education;Instituto D'Or de Pesquisa e Ensino;Salvador
NCT06917794;D'Or Institute for Research and Education;Instituto D'Or de Pesquisa e Ensino;Brasília
NCT06917794;D'Or Institute for Research and Education;Instituto D'Or de Pesquisa e Ensino;Curitiba
NCT06917794;D'Or Institute for Research and Education;Instituto D'Or de Pesquisa e Ensino;Recife
NCT06917794;D'Or Institute for Research and Education;Instituto D'Or de Pesquisa e Ensino;Rio de Janeiro
NCT06917794;D'Or Institute for Research and Education;Instituto D'Or de Pesquisa e Ensino;São Paulo
NCT06917794;D'Or Institute for Research and Education;Instituto do Câncer do Estado de São Paulo;São Paulo
NCT04512651;Universidade Estadual do PiauÍ;Laiana Sepúlveda de Andrade Mesquita;Teresina
NCT04315142;University of Zurich;University of Sao Paulo School of Medicine;São Paulo
NCT01998386;University of Nove de Julho;University of Nove de Julho;São Paulo
NCT06141486;Sanofi;Centro de Pesquisas da Clínica IBIS- Site Number : 0760030;Salvador
NCT06141486;Sanofi;L2IP - Instituto de Pesquisas Clínicas- Site Number : 0760003;Brasília
NCT06141486;Sanofi;Universidade Federal de Goias- Site Number : 0760024;Goiânia
NCT06141486;Sanofi;Freire Pesquisa Clínica - Belo Horizonte - Rua Piauí- Site Number : 0760025;Belo Horizonte
NCT06141486;Sanofi;Instituto de Neurologia de Curitiba - Ecoville- Site Number : 0760001;Curitiba
NCT06141486;Sanofi;Hospital Moinhos de Vento- Site Number : 0760005;Porto Alegre
NCT06141486;Sanofi;Clínica Neurológica- Site Number : 0760007;Joinville
NCT06141486;Sanofi;Prognosis Pesquisa Clinica- Site Number : 0760032;Santo André
NCT06141486;Sanofi;CPQuali Pesquisa Clinica - São Paulo- Site Number : 0760002;São Paulo
NCT06141486;Sanofi;PSEG Centro de Pesquisa Clínica- Site Number : 0760021;São Paulo
NCT06141486;Sanofi;Jordy Sinapse- Site Number : 0760004;São Paulo
NCT01297972;University of Sao Paulo;Hospital das Clínicas da Faculdade de Medicina de Ribeirão Preto da Universidade de São Paulo;Ribeirão Preto
NCT00933205;Boehringer Ingelheim;1182.16.5511 Unidade de Pesquisa Clínica (UPC) - AIDS;Campinas - Sp
NCT00933205;Boehringer Ingelheim;1182.16.5505 Hospital São José de Doenças Infecciosas de Fortaleza;Fortaleza - Ce
NCT00933205;Boehringer Ingelheim;1182.16.5502 Hospital Nossa Senhora da Conceiç;Porto Alegre - Rs
NCT00933205;Boehringer Ingelheim;1182.16.5504 Hospital das Clínicas de Porto Alegre;Porto Alegre - Rs
NCT00933205;Boehringer Ingelheim;1182.16.5512 Ambulatório de DST/ AIDS - RS;Porto Alegre - Rs
NCT00933205;Boehringer Ingelheim;1182.16.5513 Centro de Pesquisa Hospital Evandro Chagras;Rio de Janeiro
NCT00933205;Boehringer Ingelheim;1182.16.5509;Rio de Janeiro - Rj
NCT00933205;Boehringer Ingelheim;1182.16.5510;Santos - Sp
NCT00933205;Boehringer Ingelheim;1182.16.5501 UNIFESP/ Hospital São Paulo- Univers. Federal de São Paulo;São Paulo - Sp
NCT00933205;Boehringer Ingelheim;1182.16.5506 Casa da AIDS da FMUSP;São Paulo - Sp
NCT00933205;Boehringer Ingelheim;1182.16.5507 Hospital do Servidor Público Estadual de São Paulo;São Paulo - Sp
NCT00933205;Boehringer Ingelheim;1182.16.5508;Vila Mariana
NCT03071302;Sao Jose do Rio Preto Medical School;Visum Eye Center / Immunogenetic laboratory of FAMERP;São José do Rio Preto
NCT00377637;Hoffmann-La Roche;;Rio de Janeiro
NCT00377637;Hoffmann-La Roche;;São Paulo
NCT00377637;Hoffmann-La Roche;;Sorocaba
NCT06863272;Merck Sharp & Dohme LLC;Fundação Faculdade Regional de Medicina de São José do Rio Preto ( Site 0263);São José do Rio Preto
NCT06863272;Merck Sharp & Dohme LLC;IPITEC ( Site 0275);São Paulo
NCT06863272;Merck Sharp & Dohme LLC;IBCC - Instituto Brasileiro de Controle do Câncer ( Site 0269);São Paulo
NCT02326857;National Cancer Institute (NCI);Instituto Nacional de Cancer (INCA);Rio de Janeiro
NCT02326857;National Cancer Institute (NCI);Instituto do C(SqrRoot) ncer do Estado de S(SqrRoot) o Paulo;São Paulo
NCT05085457;Universidade do Oeste de Santa Catarina;Hospital Universitário Santa Terezinha;Joaçaba
NCT05325866;Amgen;Hospital das Clinicas da Ufmg;Belo Horizonte
NCT05325866;Amgen;Centro de Oncologia Mackenzie;Curitiba
NCT05325866;Amgen;Associacao Hospitalar Moinhos de Vento;Porto Alegre
NCT05325866;Amgen;Instituto do Cancer Arnaldo Vieira de Carvalho;São Paulo
NCT05325866;Amgen;Beneficencia Portuguesa de Sao Paulo - Bp;São Paulo
NCT05325866;Amgen;Oncologia Rede D Or;São Paulo
NCT05325866;Amgen;Oncoclinicas Rio de Janeiro S A;Rio de Janeiro
NCT02562456;University of Sao Paulo;Complexo Educacional Carlos Osmarinho de Lima - Trailer USP;Barueri
NCT00052156;CancerVax Corporation;INCA (National Cancer Institute);Rio de Janeiro
NCT00052156;CancerVax Corporation;Hospital Sirio Lebanes;São Paulo
NCT06150456;University of Nove de Julho;Universidade Nove de Julho;São Paulo
NCT01732822;AstraZeneca;Research Site;Belo Horizonte
NCT01732822;AstraZeneca;Research Site;Belo Horizonte
NCT01732822;AstraZeneca;Research Site;Belo Horizonte
NCT01732822;AstraZeneca;Research Site;Belo Horizonte
NCT01732822;AstraZeneca;Research Site;Brasília
NCT01732822;AstraZeneca;Research Site;Campinas
NCT01732822;AstraZeneca;Research Site;Campinas
NCT01732822;AstraZeneca;Research Site;Canoas
NCT01732822;AstraZeneca;Research Site;Curitiba
NCT01732822;AstraZeneca;Research Site;Curitiba
NCT01732822;AstraZeneca;Research Site;Juiz de Fora
NCT01732822;AstraZeneca;Research Site;Porto Alegre
NCT01732822;AstraZeneca;Research Site;Porto Alegre
NCT01732822;AstraZeneca;Research Site;Porto Alegre
NCT01732822;AstraZeneca;Research Site;Rio de Janeiro
NCT01732822;AstraZeneca;Research Site;Salvador
NCT01732822;AstraZeneca;Research Site;Salvador
NCT01732822;AstraZeneca;Research Site;Santo André
NCT01732822;AstraZeneca;Research Site;São Bernardo do Campo
NCT01732822;AstraZeneca;Research Site;São José do Rio Preto
NCT01732822;AstraZeneca;Research Site;São José do Rio Preto
NCT01732822;AstraZeneca;Research Site;São Paulo
NCT01732822;AstraZeneca;Research Site;São Paulo
NCT01732822;AstraZeneca;Research Site;Tatuí
NCT01732822;AstraZeneca;Research Site;Uberlândia
NCT02953353;University of Sao Paulo;Clinical Hospital of Ribeirão Preto;Ribeirão Preto
NCT03928145;Hospital de Clinicas de Porto Alegre;Hospital de Clinicas de Porto Alegre;Porto Alegre
NCT02644239;University of Sao Paulo;Nagila Raquel Teixeira Damasceno;São Paulo
NCT05574777;Erbe Elektromedizin GmbH;Hospital das Clínicas da Faculdade de Medicina da Universidade de São Paulo;São Paulo
NCT05805475;Hospital de Clinicas de Porto Alegre;Hospital de Clínicas de Porto Alegre;Porto Alegre
NCT05879822;Incyte Corporation;Fundacao Pio Xii Hospital de Cancer de Barretos;Barretos
NCT05879822;Incyte Corporation;Cionc-Centro Integrado de Oncologia de Curitiba;Curitiba
NCT05879822;Incyte Corporation;Hospital Erasto Gaertner - Liga Paranaense de Combate Ao Câncer;Curitiba
NCT05879822;Incyte Corporation;Oncosite - Centro de Pesquisa Clinica E Oncologia;Ijuí
NCT05879822;Incyte Corporation;Clinica de Neoplasias Litoral Ltda;Itajaí
NCT05879822;Incyte Corporation;Fundacao Doutor Amaral Carvalho;Jaú
NCT05879822;Incyte Corporation;Hospital de Cancer de Londrina;Londrina
NCT05879822;Incyte Corporation;Irmandade Da Santa Casa de Misericordia de Porto Alegre;Porto Alegre
NCT05879822;Incyte Corporation;Hgb - Hospital Giovanni Battista - Mae de Deus Center;Porto Alegre
NCT05879822;Incyte Corporation;Hospital Ernesto Dornelles;Porto Alegre
NCT05879822;Incyte Corporation;Hospital Nossa Senhora Da Conceicao;Porto Alegre
NCT05879822;Incyte Corporation;Cepho - Centro de Estudos E Pesquisas de Hematologia E Oncologia;Santo André
NCT05879822;Incyte Corporation;A. C. Camargo Cancer Center;São Paulo
NCT06454045;University of Sao Paulo;Heart Institute (InCor) / University of São Paulo;São Paulo
NCT04513730;Universidade Metodista de Piracicaba;Universidade do Estado do Pará;Belém
NCT04236700;Universidade Metropolitana de Santos;Caio Vinicius Gonçalves Roman Torres;Santos
NCT04236700;Universidade Metropolitana de Santos;Caio Torres;Santos
NCT02082600;Federal University of São Paulo;Associação Fundo de Incentivo à Pesquisa;São Paulo
NCT01003392;University of Sao Paulo;Heart Institute (InCor), Univ. of Sao Paulo Medical School;São Paulo
NCT04165434;University of Sao Paulo General Hospital;Julia Maria D'Andrea Greve;São Paulo
NCT01668966;Hoffmann-La Roche;CIP - Centro Internacional de Pesquisa;Goiânia
NCT01668966;Hoffmann-La Roche;Centro Mineiro de Pesquisa - CMIP;Juiz de Fora
NCT01668966;Hoffmann-La Roche;Centro de Estudos em Terapias Inovadoras - CETI;Curtiba
NCT01668966;Hoffmann-La Roche;Hospital Sao Lucas - PUCRS;Porto Alegre
NCT01668966;Hoffmann-La Roche;Universidade Federal de Sao Paulo - UNIFESP;
NCT01668966;Hoffmann-La Roche;Reumatologia;São Paulo
NCT01668966;Hoffmann-La Roche;Centro Paulista de Investigacao Clinica - CEPIC;São Paulo
NCT02229851;Novo Nordisk A/S;Novo Nordisk Investigational Site;São Paulo
NCT05683639;Hospital de Clinicas de Porto Alegre;Insemine Human Reproduction Centre;Porto Alegre
NCT00684177;GlaxoSmithKline;GSK Investigational Site;Curitiba
NCT00684177;GlaxoSmithKline;GSK Investigational Site;Curitiba/Paraná
NCT00684177;GlaxoSmithKline;GSK Investigational Site;Passo Fundo
NCT01468701;Boehringer Ingelheim;Hospital Vera Cruz;Belo Horizonte
NCT01468701;Boehringer Ingelheim;Clinica Procardio Ltda;Blumenau
NCT01468701;Boehringer Ingelheim;Hospital do Coracao do Brasil;Brasília
NCT01468701;Boehringer Ingelheim;Instituto de Cardiologia do Distrito Federal;Brasília
NCT01468701;Boehringer Ingelheim;Hospital Angelina Caron;Campina Grande do Sul
NCT01468701;Boehringer Ingelheim;Centro Especializado em Cardiol Loema Instituto de Pesq Clin;Campinas
NCT01468701;Boehringer Ingelheim;HMCP - Hospital e Maternidade Celso Pierro - PUC-Campinas;Campinas
NCT01468701;Boehringer Ingelheim;Hospital Nossa Senhora de Pompeia;Caxias do Sul
NCT01468701;Boehringer Ingelheim;Irmandade da Santa Casa de Misericordia de Curitiba;Curitiba
NCT01468701;Boehringer Ingelheim;Barroso e Sebba Ltda;Goiânia
NCT01468701;Boehringer Ingelheim;CLINICOR-Clinica de Exames Cardiolog e Ecografias S S LTDA;Maceió
NCT01468701;Boehringer Ingelheim;Hospital São Vicente de Paulo;Passo Fundo
NCT01468701;Boehringer Ingelheim;Hospital de Clínicas de Porto Alegre;Porto Alegre
NCT01468701;Boehringer Ingelheim;Fundacao Universitaria de Cardiologia - Inst de Cardiologia;Porto Alegre
NCT01468701;Boehringer Ingelheim;Pronto Socorro Cardiológico de Pernambuco Prof. Luiz Tavares;Recife
NCT01468701;Boehringer Ingelheim;Hospital Copa D'or;Rio de Janeiro
NCT01468701;Boehringer Ingelheim;Fundacao Pro-Coracao FUNDACOR;Rio de Janeiro
NCT01468701;Boehringer Ingelheim;Instituto Cardiopulmonar da Bahia LTDA;Salvador
NCT01468701;Boehringer Ingelheim;Fundacao Bahiana de Cardiologia;Salvador
NCT01468701;Boehringer Ingelheim;Instituto de Ensino E Pesquisa Do Hospital Da Bahia;Salvador
NCT01468701;Boehringer Ingelheim;Instituto de Molestias Cardiovasculares - IMC;São José do Rio Preto
NCT01468701;Boehringer Ingelheim;H.S.J. Beneficência Portuguesa - São Paulo;São Paulo
NCT01468701;Boehringer Ingelheim;FGM - Clínica Paulista de Doenças Cardiovasculares;São Paulo
NCT01468701;Boehringer Ingelheim;Hcor - Hospital do Coracao;São Paulo
NCT01468701;Boehringer Ingelheim;Instituto Dante Pazzanese de Cardiologia;São Paulo
NCT01468701;Boehringer Ingelheim;Hospital das Clinicas da Faculdade de Medicina - FMUSP;São Paulo
NCT01468701;Boehringer Ingelheim;Hospital Santa Marcelina;São Paulo
NCT01468701;Boehringer Ingelheim;Hospital Sao Paulo UNIFESP;São Paulo
NCT01468701;Boehringer Ingelheim;Instituto de Molestias Cardiovasculares Tatui SP;Tatuí
NCT01468701;Boehringer Ingelheim;Santa Casa de Votuporanga;Votuporanga
NCT03117231;Federal University of São Paulo;Daniela Tavares;São Paulo
NCT04048902;University of Sao Paulo General Hospital;Department of Physical Therapy, Speech and Occupational Therapy of University of São Paulo;São Paulo
NCT00317395;Sanofi;Sanofi-Aventis Administrative Office;São Paulo
NCT06029439;Neumora Therapeutics, Inc.;Neumora Investigator Site;Curitiba
NCT06029439;Neumora Therapeutics, Inc.;Neumora Investigator Site;Botafago - Rio de Janeiro
NCT06029439;Neumora Therapeutics, Inc.;Neumora Investigator Site;Porto Alegre
NCT06029439;Neumora Therapeutics, Inc.;Neumora Investigator Site;Santa Cecília
NCT06029439;Neumora Therapeutics, Inc.;Neumora Investigator Site;São Bernardo do Campo
NCT06029439;Neumora Therapeutics, Inc.;Neumora Investigator Site;São José do Rio Preto
NCT06029439;Neumora Therapeutics, Inc.;Neumora Investigator Site;São Paulo
NCT02890212;University of Sao Paulo General Hospital;Instituto de Psiquiatria - Hcfmusp;São Paulo
NCT05767112;University of Sao Paulo;School of Physical Education and Sport - USP;São Paulo
NCT05888714;University of Sao Paulo General Hospital;Instituto de Medicina Física e Reabilitação, Hospital das Clínicas, Faculdade de Medicina da Universidade de São Paulo;São Paulo
NCT05446415;University of Sao Paulo General Hospital;Hospital das Clinicas da Faculdade de Medicina da USP;São Paulo
NCT04789135;Anhembi Morumbi University;Distal Nefrologia e Urologia;Jacareí
NCT00412984;Bristol-Myers Squibb;Local Institution;Salvador
NCT00412984;Bristol-Myers Squibb;Local Institution;Salvador
NCT00412984;Bristol-Myers Squibb;Local Institution;Salvador
NCT00412984;Bristol-Myers Squibb;Local Institution;Salvador
NCT00412984;Bristol-Myers Squibb;Local Institution;Belo Horzonte
NCT00412984;Bristol-Myers Squibb;Local Institution;Belo Horzonte
NCT00412984;Bristol-Myers Squibb;Local Institution;Juiz de Fora
NCT00412984;Bristol-Myers Squibb;Local Institution;Juiz de Fora
NCT00412984;Bristol-Myers Squibb;Local Institution;Uberaba
NCT00412984;Bristol-Myers Squibb;Local Institution;Uberlândia
NCT00412984;Bristol-Myers Squibb;Local Institution;Uberlândia
NCT00412984;Bristol-Myers Squibb;Local Institution;Campina Grande do Sul
NCT00412984;Bristol-Myers Squibb;Local Institution;Campina Grande do Sul
NCT00412984;Bristol-Myers Squibb;Local Institution;Curitiba
NCT00412984;Bristol-Myers Squibb;Local Institution;Curitiba
NCT00412984;Bristol-Myers Squibb;Local Institution;Curitiba
NCT00412984;Bristol-Myers Squibb;Local Institution;Curitiba
NCT00412984;Bristol-Myers Squibb;Local Institution;Londrina
NCT00412984;Bristol-Myers Squibb;Local Institution;Londrina
NCT00412984;Bristol-Myers Squibb;Local Institution;Belém
NCT00412984;Bristol-Myers Squibb;Local Institution;Belém
NCT00412984;Bristol-Myers Squibb;Local Institution;Natal
NCT00412984;Bristol-Myers Squibb;Local Institution;Natal
NCT00412984;Bristol-Myers Squibb;Local Institution;Porte Alegre
NCT00412984;Bristol-Myers Squibb;Local Institution;Porte Alegre
NCT00412984;Bristol-Myers Squibb;Local Institution;Porte Alegre
NCT00412984;Bristol-Myers Squibb;Local Institution;Porte Alegre
NCT00412984;Bristol-Myers Squibb;Local Institution;Porto Alegre
NCT00412984;Bristol-Myers Squibb;Local Institution;Porto Alegre
NCT00412984;Bristol-Myers Squibb;Local Institution;Porto Alegre
NCT00412984;Bristol-Myers Squibb;Local Institution;Porto Alegre
NCT00412984;Bristol-Myers Squibb;Local Institution;Porto Alegre
NCT00412984;Bristol-Myers Squibb;Local Institution;Porto Alegre
NCT00412984;Bristol-Myers Squibb;Local Institution;Porto Alegre
NCT00412984;Bristol-Myers Squibb;Local Institution;Porto Alegre
NCT00412984;Bristol-Myers Squibb;Local Institution;Blumenau
NCT00412984;Bristol-Myers Squibb;Local Institution;Blumenau
NCT00412984;Bristol-Myers Squibb;Local Institution;São José
NCT00412984;Bristol-Myers Squibb;Local Institution;São José
NCT00412984;Bristol-Myers Squibb;Local Institution;Botucatu
NCT00412984;Bristol-Myers Squibb;Local Institution;Botucatu
NCT00412984;Bristol-Myers Squibb;Local Institution;Campinas
NCT00412984;Bristol-Myers Squibb;Local Institution;Campinas
NCT00412984;Bristol-Myers Squibb;Local Institution;Marília
NCT00412984;Bristol-Myers Squibb;Local Institution;Marília
NCT00412984;Bristol-Myers Squibb;Local Institution;Marília
NCT00412984;Bristol-Myers Squibb;Local Institution;Marília
NCT00412984;Bristol-Myers Squibb;Local Institution;Marília
NCT00412984;Bristol-Myers Squibb;Local Institution;San Jose Do Rio Preto
NCT00412984;Bristol-Myers Squibb;Local Institution;San Jose Do Rio Preto
NCT00412984;Bristol-Myers Squibb;Local Institution;Santo André
NCT00412984;Bristol-Myers Squibb;Local Institution;Santo André
NCT00412984;Bristol-Myers Squibb;Local Institution;São José do Rio Preto
NCT00412984;Bristol-Myers Squibb;Local Institution;São José do Rio Preto
NCT00412984;Bristol-Myers Squibb;Local Institution;São José do Rio Preto
NCT00412984;Bristol-Myers Squibb;Local Institution;Rio de Janeiro
NCT00412984;Bristol-Myers Squibb;Local Institution;Rio de Janeiro
NCT00412984;Bristol-Myers Squibb;Local Institution;Rio de Janeiro
NCT00412984;Bristol-Myers Squibb;Local Institution;Rio de Janeiro
NCT00412984;Bristol-Myers Squibb;Local Institution;São Paulo
NCT00412984;Bristol-Myers Squibb;Local Institution;São Paulo
NCT00412984;Bristol-Myers Squibb;Local Institution;São Paulo
NCT00412984;Bristol-Myers Squibb;Local Institution;São Paulo
NCT00412984;Bristol-Myers Squibb;Local Institution;São Paulo
NCT00412984;Bristol-Myers Squibb;Local Institution;São Paulo
NCT00412984;Bristol-Myers Squibb;Local Institution;São Paulo
NCT00412984;Bristol-Myers Squibb;Local Institution;São Paulo
NCT00412984;Bristol-Myers Squibb;Local Institution;São Paulo
NCT00412984;Bristol-Myers Squibb;Local Institution;São Paulo
NCT00412984;Bristol-Myers Squibb;Local Institution;São Paulo
NCT00412984;Bristol-Myers Squibb;Local Institution;São Paulo
NCT00412984;Bristol-Myers Squibb;Local Institution;São Paulo
NCT00412984;Bristol-Myers Squibb;Local Institution;São Paulo
NCT00412984;Bristol-Myers Squibb;Local Institution;São Paulo
NCT03400033;GlaxoSmithKline;GSK Investigational Site;Salvador
NCT03400033;GlaxoSmithKline;GSK Investigational Site;Curitiba
NCT03400033;GlaxoSmithKline;GSK Investigational Site;Passo Fundo
NCT03400033;GlaxoSmithKline;GSK Investigational Site;Porto Alegre
NCT03400033;GlaxoSmithKline;GSK Investigational Site;São José do Rio Preto
NCT03400033;GlaxoSmithKline;GSK Investigational Site, Belo Horizonte;Minas Gerais
NCT03400033;GlaxoSmithKline;GSK Investigational Site;São Paulo
NCT01950026;Paulista University;Rehabilitation Center of Universidade Paulista;São Paulo
NCT03424278;University of Brasilia;University of Brasilia;Brasília
NCT02939625;University of Nove de Julho;Maisi David Cabral;São Paulo
NCT03160976;Federal University of Health Science of Porto Alegre;Federal University of Health Science of Porto Alegre;Porto Alegre
NCT00635947;UPECLIN HC FM Botucatu Unesp;School of Medicine of Botucatu--São Paulo State University (Unesp)--;Botucatu
NCT01071785;Hospital de Clinicas de Porto Alegre;HCPA;Porto Alegre
NCT03235284;Federal University of Bahia;Complex Hospital Professor Edgard Santos, Federal University of Bahia;Salvador
NCT00565838;UPECLIN HC FM Botucatu Unesp;Medical School of Medicine;Botucatu
NCT00261443;Otsuka Pharmaceutical Development & Commercialization, Inc.;Local Institution;Salvador
NCT00261443;Otsuka Pharmaceutical Development & Commercialization, Inc.;Local Institution;Aparecida de Goinia
NCT00261443;Otsuka Pharmaceutical Development & Commercialization, Inc.;Local Institution;Pelotas
NCT00261443;Otsuka Pharmaceutical Development & Commercialization, Inc.;Local Institution;Rio de Janeiro
NCT00261443;Otsuka Pharmaceutical Development & Commercialization, Inc.;Local Institution;São Paulo
NCT00261443;Otsuka Pharmaceutical Development & Commercialization, Inc.;Local Institution;São Paulo
NCT02105376;Santa Casa Medical School;Centro de Atencao Integrada à Saúde Mental;São Paulo
NCT04681040;National Center for Global Health and Medicine, Japan;Hospital das Clinicas Ribeirao Preto;Ribeirão Preto
NCT01392638;University of Campinas, Brazil;Laboratory of Cardiovascular Pharmacology - FCM - Unicamp;Campinas
NCT05310526;Hospital do Coracao;Prefeitura Municipal de Foz do Iguaçu;Foz do Iguaçu
NCT04304326;Federal University of São Paulo;São Paulo Hospital;São Paulo
NCT03923608;São Paulo State University;State University of são Paulo;Presidente Prudente
NCT05696925;Federal University of Health Science of Porto Alegre;UFCSPA;Porto Alegre
NCT06937099;Eli Lilly and Company;NewData Clinical Research - Aracaju;Aracaju
NCT06937099;Eli Lilly and Company;L2IP - Instituto de Pesquisas Clínicas;Brasília
NCT06937099;Eli Lilly and Company;Loema Instituto de Pesquisa Clinica;Campinas
NCT06937099;Eli Lilly and Company;Fundação Universidade de Caxias do Sul (FUCS);Caxias do Sul
NCT06937099;Eli Lilly and Company;Centro Digestivo de Curitiba;Curitiba
NCT06937099;Eli Lilly and Company;Galileo Medical Research;Juiz de Fora
NCT06937099;Eli Lilly and Company;Hospital de Clinicas de Porto Alegre;Porto Alegre
NCT06937099;Eli Lilly and Company;Hospital de Clínicas de Ribeirão Preto;Ribeirão Preto
NCT06937099;Eli Lilly and Company;CLIAGEN Clínica de Atenção em Gastroenterologia, Especialidades e Nutrição;Salvador
NCT06937099;Eli Lilly and Company;Pesquisare Saude;Santo André
NCT06937099;Eli Lilly and Company;CPQuali Pesquisa Clínica;São Paulo
NCT06937099;Eli Lilly and Company;CEPIC - Centro Paulista de Investigação Clínica;São Paulo
NCT06937099;Eli Lilly and Company;Clínica Hepatogastro JK;São Paulo
NCT06937099;Eli Lilly and Company;CEDOES;Vitória
NCT06937099;Eli Lilly and Company;Integral Pesquisa e Ensino;Votuporanga
NCT01802268;Helio Tedesco Silva Junior;Hospital University Evangélico de Curitiba, Curitiba, Parana, Brazil;Curitiba
NCT01802268;Helio Tedesco Silva Junior;Nephrology Service, Bonsucesso General Hospital. Rio de Janeiro, Brazil;Rio de Janeiro
NCT01802268;Helio Tedesco Silva Junior;Kidney & Pancreas Transplant Unit, Santa Casa de Misericordia, Porto Alegre, Brazil;Porto Alegre
NCT01802268;Helio Tedesco Silva Junior;Instituto de Urologia e Nefrologia & Medical School-FAMERP/HB-FUNFARME, São José do Rio Preto-SP, Brazil;São Jose Do Rio Preto
NCT01802268;Helio Tedesco Silva Junior;Nephrology Division, Hospital do Rim, Federal University of São Paulo, Brazil;São Paulo
NCT01802268;Helio Tedesco Silva Junior;Renal Transplant Service, Hospital das Clínicas, University of São Paulo School of Medicine, São Paulo, Brazil.;São Paulo
NCT04467476;Universidade Federal do Piauí;Department of Physical Therapy. Federal University of Piaui;Parnaíba
NCT00289640;Bristol-Myers Squibb;Local Institution;Centro-Porto Alegre
NCT00289640;Bristol-Myers Squibb;Local Institution;Porto Alegre
NCT00289640;Bristol-Myers Squibb;Local Institution;Jaú
NCT00289640;Bristol-Myers Squibb;Local Institution;São Paulo
NCT02105740;Gil Montenegro;UNB- Universidade de Brasilia;Brasília
NCT02459444;Federal University of Bahia;Mansueto Gomes Neto;Salvador
NCT06619509;Boehringer Ingelheim;H.S.J. Beneficência Portuguesa - São Paulo;São Paulo
NCT06651099;University of Brasilia;Universidade de Brasília;Ceilândia
NCT06651099;University of Brasilia;Federal University of Mato Grosso do Sul;Campo Grande
NCT02327052;Hospital Sao Rafael;Hospital São Rafael;Salvador
NCT02420821;Hoffmann-La Roche;Hospital de Caridade de Ijui;
NCT02420821;Hoffmann-La Roche;Oncologia;Ijuí
NCT02420821;Hoffmann-La Roche;Santa Casa de Misericordia de Porto Alegre;Porto Alegre
NCT02420821;Hoffmann-La Roche;Hospital Sao Lucas - PUCRS;Porto Alegre
NCT02420821;Hoffmann-La Roche;Instituto do Cancer do Estado de Sao Paulo - ICESP;São Paulo
NCT02761187;Takeda;Unicamp Universidade Estadual de Campinas;Campinas
NCT02761187;Takeda;Centro de Pesquisas Oncologicas;Florianópolis
NCT02761187;Takeda;Hospital Das Clinicas Da Universidade Federal de Goias;Goiânia
NCT02761187;Takeda;Universidade Federal Do Rio de Janeiro Hospital Universitario Clementino Fraga Filho;Rio de Janeiro
NCT02761187;Takeda;CEHON - Centro de Hematologia e Oncologia da Bahia Ltda;Salvador
NCT02761187;Takeda;Clinica Sao Germano;São Paulo
NCT02761187;Takeda;Hospital Israelita Albert Einstein;São Paulo
NCT02761187;Takeda;Hospital das Clinicas da Faculdade de Medicina da Universidade de Sao Paulo;São Paulo
NCT03103204;University of Taubate;University of Taubate;Taubaté
NCT01110252;UPECLIN HC FM Botucatu Unesp;Laboratório de Genética Humana e Terapia Celular;Assis
NCT05772338;EMS;EMS;Hortolândia
NCT05772338;EMS;Cecip Jau - Centro de Estudos Clinicos Do Interior Paulista Ltda;Jaú
NCT03712215;Universidade Metodista de Piracicaba;Hospital de Clínicas Gaspar Viana;Belém
NCT06408935;Janssen-Cilag Ltd.;Cliged;Macaé
NCT06408935;Janssen-Cilag Ltd.;Instituto Mederi de Pesquisa e Saude;Passo Fundo
NCT06408935;Janssen-Cilag Ltd.;NPCRS Nucleo de Pesquisa Clinica do Rio Grande do Sul;Porto Alegre
NCT06408935;Janssen-Cilag Ltd.;INTEGRAL Pesquisa e Ensino;Votuporanga
NCT02178852;Santa Casa Medical School;Centro de Atencao Integrada à Saúde Mental - CAISM;São Paulo
NCT06173648;CAO Group, Inc.;Unicesumar Clinic;Maringá
NCT04788355;Universidade do Vale do Sapucai;Univás;Pouso Alegre
NCT05682378;Novartis Pharmaceuticals;Novartis Investigative Site;Fortaleza
NCT05682378;Novartis Pharmaceuticals;Novartis Investigative Site;São Paulo
NCT05682378;Novartis Pharmaceuticals;Novartis Investigative Site;São Paulo
NCT00678678;Universidade Metodista de Piracicaba;Meridional Hospital;Cariacica
NCT06635135;Janssen Research & Development, LLC;CAEP Centro Avancado De Estudos E Pesquisas;Campinas
NCT06635135;Janssen Research & Development, LLC;Centro Integrado Facili;São Bernardo do Campo
NCT04504825;Alexion Pharmaceuticals, Inc.;Research Site;Porto Alegre
NCT04504825;Alexion Pharmaceuticals, Inc.;Research Site;Ribeirão Preto
NCT04504825;Alexion Pharmaceuticals, Inc.;Research Site;S.J. Do Rio Preto
NCT04504825;Alexion Pharmaceuticals, Inc.;Research Site;Salvador
NCT03273517;Faculdade de Ciências Médicas da Santa Casa de São Paulo;Santa Casa of São Paulo Medical School;São Paulo
NCT05284747;Amgen;Clínica Silvestre Sante;Rio Branco
NCT05284747;Amgen;Instituto Cardiovascular de Linhares;Linhares
NCT05284747;Amgen;Hospital Ruy Azeredo;Ipiranga Goiânia
NCT05284747;Amgen;Hospital Universitario Sao Francisco na Providencia de Deus;Ipiranga Goiânia
NCT05284747;Amgen;Hospital Madre Teresa;Belo Horizonte
NCT05284747;Amgen;Hospital Universitário Ciências Médicas de Belo Horizonte;Belo Horizonte
NCT05284747;Amgen;Hospital do Coracao de Pocos de Caldas CEC servicos medicos;Poços de Caldas
NCT05284747;Amgen;Ps Cardiologico de PE - Procape;Casa Forte
NCT05284747;Amgen;Instituto Atena de Pesquisa Clínica;Natal
NCT05284747;Amgen;Centro de Pesquisa Clínica Associação Hospitalar Moinhos de Vento;Porto Alegre
NCT05284747;Amgen;Hospital de Clínicas de Porto Alegre;Porto Alegre
NCT05284747;Amgen;Instituto de Cardiologia do Rio Grande do Sul;Porto Alegre
NCT05284747;Amgen;Santa Casa de Porto Alegre;Porto Alegre
NCT05284747;Amgen;Hospital Mãe de Deus;Porto Alegre
NCT05284747;Amgen;Hospital Beneficência Portuguesa;São Paulo
NCT05284747;Amgen;Cmep-Centro Multidisciplinar Ensino e Pesq;Joinville
NCT05284747;Amgen;Instituto de Cardiologia de Santa Catarina, Praia Comprida;Sao Jose
NCT05284747;Amgen;Centro de Pesquisa Clinica do Coracao;Aracaju
NCT05284747;Amgen;Instituto de Pesquisa Clínica de Campinas;Campinas
NCT05284747;Amgen;Irmandade da Santa Casa de Misericordia de Marilia;Marília
NCT05284747;Amgen;Hospital Regional de Presidente Prudente;Presidente Prudente
NCT05284747;Amgen;Instituto Dante Pazanesse;São Paulo
NCT05284747;Amgen;Instituto do coracao da Faculdade de Medicina da Universidade de Sao Paulo - InCor;São Paulo
NCT05284747;Amgen;Hospital Israelita Albert Einstein;São Paulo
NCT02514226;University of Nove de Julho;InCor Heart Institute;São Paulo
NCT00995735;IMTN NOTES Research Group;Hospital Municipal Lourenco Jorge;Rio de Janeiro
NCT03386747;University of Sao Paulo;Faculdade de Medicina da Universidade de São Paulo;São Paulo
NCT04784715;AstraZeneca;Research Site;Florianópolis
NCT04784715;AstraZeneca;Research Site;Goiânia
NCT04784715;AstraZeneca;Research Site;Londrina
NCT04784715;AstraZeneca;Research Site;Natal
NCT04784715;AstraZeneca;Research Site;Porto Alegre
NCT04784715;AstraZeneca;Research Site;Ribeirão Preto
NCT04784715;AstraZeneca;Research Site;São Paulo
NCT04784715;AstraZeneca;Research Site;Sorocaba
NCT04784715;AstraZeneca;Research Site;Vitória
NCT04701684;Philips Clinical & Medical Affairs Global;Hospital Geral de Fortaleza;Fortaleza
NCT04701684;Philips Clinical & Medical Affairs Global;Hospital de Base;São José do Rio Preto
NCT04701684;Philips Clinical & Medical Affairs Global;Hospital Estadual Central - Fundação Estadual de Inovação em Saúde - Inova Capixaba;Vitória
NCT04136184;Ionis Pharmaceuticals, Inc.;Instituto de Neurologia de Curitiba;Curitiba
NCT04136184;Ionis Pharmaceuticals, Inc.;Universidade Estadual de Campinas;Campinas
NCT04136184;Ionis Pharmaceuticals, Inc.;Hospital das Clínicas da Faculdade de Medicina de Ribeirão Preto;Ribeirão Preto
NCT04136184;Ionis Pharmaceuticals, Inc.;Hospital Universitário Clementino Fraga Filho;Rio de Janeiro
NCT04136184;Ionis Pharmaceuticals, Inc.;Associação de Assistência à Criança Deficiente - Unidade Lar Escola;São Paulo
NCT03271749;Igor Renato Louro Bruno de Abreu;Ambulatório de Nódulos e Massas Pulmonares H Santa Marcelina;São Paulo
NCT04410549;IRCCS San Raffaele;Incor - Heart Institute - University of Sao Paulo;São Paulo
NCT05704049;Sanofi;Hospital Mae de Deus Site Number : 0760002;Porto Alegre
NCT05704049;Sanofi;Clínica São Germano Site Number : 0760003;São Paulo
NCT05704049;Sanofi;Hospital das Clinicas de Sao Paulo Site Number : 0760001;São Paulo
NCT02270658;University of Sao Paulo General Hospital;Pronto Socorro Cardiológico de Pernambuco (PROCAPE);Recife
NCT02270658;University of Sao Paulo General Hospital;Hospital das Clínicas de Porto Alegre;Porto Alegre
NCT02270658;University of Sao Paulo General Hospital;Hospital das Clínicas da Faculdade de Medicina de Ribeirão Preto;Ribeirão Preto
NCT02270658;University of Sao Paulo General Hospital;Fundação Zerbini - Instituto do Coração (InCor);São Paulo
NCT02270658;University of Sao Paulo General Hospital;Hospital Universitário da Universidade de São Paulo (HU);São Paulo
NCT05122455;University of Sao Paulo;Instituto do Coracao (InCor), Hospital das Clinicas HCFMUSP, Faculdade de Medicina, Universidade de Sao Paulo;São Paulo
NCT05912517;Janssen Research & Development, LLC;Universidade Federal De Minas Gerais;Belo Horizonte
NCT05912517;Janssen Research & Development, LLC;Empresa Brasileira de Servicos Hospitalares EBSERH Hospital das Clinicas da UFG;Goiânia
NCT05912517;Janssen Research & Development, LLC;Instituto de Medicina Integral Professor Fernando Figueira;Recife
NCT05912517;Janssen Research & Development, LLC;Instituto D Or de Pesquisa e Ensino IDOR;Rio de Janeiro
NCT05912517;Janssen Research & Development, LLC;Hospital Das Clinicas Da Faculdade De Medicina Da USP;São Paulo
NCT02722317;Santa Catarina Federal University;NAFAVD - Núcleo de Atendimento a Núcleo de Atendimento à Família e aos autores de violência Doméstica (Center for Assistance to Family and perpetrators of Domestic violence);Brasília
NCT01327950;Endovascular Consultoria Limitada;Hospital Felicio Rocho;Belo Horizonte
NCT01327950;Endovascular Consultoria Limitada;Instituto de Medicina Integral Professor Fernando Figueira (IMIP);Recife
NCT01327950;Endovascular Consultoria Limitada;Clinica Coris Medicina Avançada /Baia Sul Medical Center;Florianópolis
NCT01327950;Endovascular Consultoria Limitada;Hospital Santa Marcelina de São Paulo;São Paulo
NCT01327950;Endovascular Consultoria Limitada;Instituto Dante Pazzanese de Cardiologia;São Paulo
NCT01327950;Endovascular Consultoria Limitada;Irmandade Santa Casa de Misericórdia de São Paulo;São Paulo
NCT00656747;Bayer;;Juiz de Fora
NCT00656747;Bayer;;Porto Alegre
NCT00656747;Bayer;;São Paulo
NCT00656747;Bayer;;São Paulo
NCT02706015;Ache Laboratorios Farmaceuticos S.A.;Ache Laboratorios Farmaceuticos;Guarulhos
NCT05622708;Novartis Pharmaceuticals;Novartis Investigative Site;Juiz de Fora
NCT05622708;Novartis Pharmaceuticals;Novartis Investigative Site;Porto Alegre
NCT05622708;Novartis Pharmaceuticals;Novartis Investigative Site;Barretos
NCT05622708;Novartis Pharmaceuticals;Novartis Investigative Site;São Paulo
NCT00946868;University of Sao Paulo;Hospital das Clinicas da Faculdade de Medicina da Universidade de Sao Paulo;São Paulo
NCT00417079;Sanofi;sanofi-aventis Brazil;São Paulo
NCT03326362;University of Sao Paulo;Juliana Pennone;São Paulo
NCT04093362;Taiho Oncology, Inc.;IOP - Instituto de Oncologia do Parana;Curitiba
NCT04093362;Taiho Oncology, Inc.;Instituto Nacional de Cancer Jose Alencar Gomes da Silva - INCA;Rio de Janeiro
NCT04093362;Taiho Oncology, Inc.;Instituto Americas;Rio de Janeiro
NCT04093362;Taiho Oncology, Inc.;Cepho-Fm Abc;Santo André
NCT04093362;Taiho Oncology, Inc.;Hospital de Base de Sao Jose do Rio Preto;São José do Rio Preto
NCT04093362;Taiho Oncology, Inc.;Instituto do Cancer do Estado de Sao Paulo;São Paulo
NCT04093362;Taiho Oncology, Inc.;Fundacao Antonio Prudente - A.C.Camargo Cancer Center;São Paulo
NCT04093362;Taiho Oncology, Inc.;Hospital Municipal Vila Santa Catarina;São Paulo
NCT04093362;Taiho Oncology, Inc.;Hospital Santa Marcelina HSM;São Paulo
NCT05814627;AbbVie;CMiP - Centro Mineiro de Pesquisa Ltda - ME /ID# 254203;Juiz de Fora
NCT05814627;AbbVie;CETI - Centro de Estudos em Terapias Inovadoras /ID# 254201;Curitiba
NCT05814627;AbbVie;Hospital de Clinicas de Porto Alegre /ID# 254916;Porto Alegre
NCT05814627;AbbVie;LMK Sevicos Medicos S/S /ID# 254202;Porto Alegre
NCT05814627;AbbVie;Fundacao Faculdade Regional de Medicina de Sao Jose do Rio Preto /ID# 254917;São José do Rio Preto
NCT05814627;AbbVie;CEPIC - Centro Paulista de Investigacao Clinica /ID# 254200;São Paulo
NCT00949442;Sanofi;Investigational Site Number 076-001;Fortaleza
NCT00949442;Sanofi;Investigational Site Number 076-006;Fortaleza
NCT00949442;Sanofi;Investigational Site Number 076-005;Porto Alegre
NCT00949442;Sanofi;Investigational Site Number 076-007;Rio de Janeiro
NCT00949442;Sanofi;Investigational Site Number 076-004;São Paulo
NCT00949442;Sanofi;Investigational Site Number 076-003;São Paulo
NCT00949442;Sanofi;Investigational Site Number 076-002;São Paulo
NCT03530254;Igenomix;Vida Bem Vinda;São Paulo
NCT03220230;Pfizer;Centro Regional Integrado de Oncologia;Fortaleza
NCT03220230;Pfizer;Instituto Goiano de Oncología e Hematologia;Aparecida de Goiana
NCT03220230;Pfizer;Hospital Luxemburgo;Belo Horizonte
NCT03220230;Pfizer;Hospital Felicio Rocho;Belo Horizonte /MG
NCT03220230;Pfizer;Instituto de Cancer de Londrina;Londrina
NCT03220230;Pfizer;Centro de Pesquisa da Universidade Federal de Sao Paulo - UNIFESP;São Paulo
NCT03220230;Pfizer;Fundaçao Pio XII, Hospital do Cancer de Barretos;Barretos
NCT03220230;Pfizer;Liga Paranaense de Combate ao Cancer Hospital Erasto Gaetner;Curtiba-PR
NCT03220230;Pfizer;Hospital Sao Lucas da PUCRS;Porto Alegre
NCT03220230;Pfizer;Irmandade da Santa Casa de Misericordia de Porto Alegre (ISCMPA) - Hospital Santa Rita;Porto Alegre
NCT03220230;Pfizer;Instituto de Medicina Integral Prof. Fernando Figueira - IMIP;Recife
NCT03220230;Pfizer;Instituto COI de Pesquisa Educacao e Gestao;Rio de Janeiro
NCT03220230;Pfizer;Hospital Da Bahia;Salvador
NCT03220230;Pfizer;Hospital Santa Izabel;Salvador
NCT03220230;Pfizer;Nucleo de Oncologia da Bahia;Salvador
NCT03220230;Pfizer;Instituto de Oncologia de Sorocaba - ONCO Clinicas Especializadas SC Ltda;São Paulo
NCT03220230;Pfizer;A.C. Camargo Cancer Center;São Paulo
NCT03220230;Pfizer;Fundacao Faculdade Regional de Medicina de Sao Jose do Rio Preto;São Paulo
NCT03220230;Pfizer;Hospital Israelita Albert Einstein;São Paulo/SP
NCT05609630;AbbVie;CMiP - Centro Mineiro de Pesquisa Ltda - ME /ID# 251769;Juiz de Fora
NCT05609630;AbbVie;Hospital Sao Paulo /ID# 251765;São Paulo
NCT05609630;AbbVie;Hospital das Clinicas da Faculdade de Medicina da Universidade de Sao /ID# 251764;São Paulo
NCT05633667;Gilead Sciences;Centro Gaúcho Integrado de Oncologia Hematologia, Ensino e Pesquisa Ltda./Hospital Mãe de Deus,Substudy-03;Porto Alegre
NCT05633667;Gilead Sciences;Hospital Mae de Deus;Porto Alegre
NCT05633667;Gilead Sciences;Hospital Sao Lucas da PUC Rio Grande do Sul,Substudy-03;Porto Alegre
NCT05633667;Gilead Sciences;Fundação Antonio Prudente/A.C. Camargo Cancer Center,Substudy-03;São Paulo
NCT05633667;Gilead Sciences;Real e Benemérita Associação Portuguesa de Beneficência/Hospital Beneficência Portuguesa de São Paulo (Hospital BP),Substudy-03;São Paulo
NCT05548400;Hospital de Clinicas de Porto Alegre;Hospital de Clínicas de Porto Alegre;Porto Alegre
NCT03525600;Apellis Pharmaceuticals, Inc.;Clinica Ocular Oftalmologia LTDA;Vitória
NCT03525600;Apellis Pharmaceuticals, Inc.;Clinica Oftalmologica Sao Lucas;Osasco
NCT03525600;Apellis Pharmaceuticals, Inc.;IPEPO - Instituto Da Visao;São Paulo
NCT03525600;Apellis Pharmaceuticals, Inc.;Instituto da Visão - Hospital de Olhos Ltda;Belo Horizonte
NCT03525600;Apellis Pharmaceuticals, Inc.;Hospital De Clinicas De Porto Alegre;Porto Alegre
NCT03525600;Apellis Pharmaceuticals, Inc.;UNIFESP - Federal University;São Paulo
NCT01073371;University of Campinas, Brazil;Piracicaba Dental School;Piracicaba
NCT05972434;Johnson & Johnson Consumer Inc. (J&JCI);Allergisa Pesquisa Dermato-Cosmética Ltda;Campinas
NCT06830434;University of Campinas, Brazil;University of Campinas, UNICAMP;Piracicaba
NCT05450692;AstraZeneca;Research Site;Fortaleza
NCT05450692;AstraZeneca;Research Site;Porto Alegre
NCT05450692;AstraZeneca;Research Site;Porto Alegre
NCT05450692;AstraZeneca;Research Site;Salvador
NCT05450692;AstraZeneca;Research Site;São Paulo
NCT05450692;AstraZeneca;Research Site;São Paulo
NCT00077792;Sanofi;Sanofi-Aventis Administrative Office;São Paulo
NCT07124299;Pedro de Figueiredo Buchalla;Centro Universitário FMABC;Santo André
NCT04861220;Instituto Nacional de Cancer, Brazil;Instituto Nacional do Câncer / HCIII;Rio de Janeiro
NCT04341220;University of Sao Paulo General Hospital;Department of Physical Therapy, Communication Sciences and Disorders, and Occupational Therapy, Faculty of Medicine, University of São Paulo;São Paulo
NCT03540823;University of Sao Paulo General Hospital;Rheumatology Division of Hospital das Clínicas da Faculdade de Medicina da Universidade de Sao Paulo;São Paulo
NCT02870803;Retina Clinic, Sao Paulo, Brazil;Retina Clinic;São Paulo
NCT03869892;Institut de Recherches Internationales Servier;Hospital do Câncer de Barretos - Fundação Pio XII Unidade de Pesquisa Clínica;Barretos
NCT03869892;Institut de Recherches Internationales Servier;Cenantron - Clinica;Belo Horizonte
NCT03869892;Institut de Recherches Internationales Servier;Sirio Libanes DF - Centro de Oncologia de Braslia do Sirio- Centro Intergrado de Pesquisa;Brasília
NCT03869892;Institut de Recherches Internationales Servier;Centro de Pesquisa Hospital de Caridade de Ijuí Unidade de Pesquisa Clínica;Ijuí
NCT03869892;Institut de Recherches Internationales Servier;Hospital Mae de Deus Oncologia;Porto Alegre
NCT03869892;Institut de Recherches Internationales Servier;Hospital São Rafael Centro Intergrado de Pesquisa;Salvador
NCT03869892;Institut de Recherches Internationales Servier;CEPHO - Centro de Estudos e Pesquisas em Hematologia e Oncol Centro Intergrado de Pesquisa;Santo André
NCT03869892;Institut de Recherches Internationales Servier;Hospital de Base Centro Integrado de Pesquisa;São José do Rio Preto
NCT03869892;Institut de Recherches Internationales Servier;ICESP - Instituto do Câncer do Estado de São Paulo Centro Integrado de Pesquisa;São Paulo
NCT03869892;Institut de Recherches Internationales Servier;Hospital A C Camargo Unidade de Pesquisa Clinica;São Paulo
NCT01461096;National Institute of Allergy and Infectious Diseases (NIAID);Instituto de Pesquisa Clinica Evandro Chagas (IPEC) CRS;Rio de Janeiro
NCT03383146;Allergan;Hospital Universitário Walter Cantídio;Fortaleza
NCT03383146;Allergan;Centro de Pesquisa Clinica do Brasil;Brasília
NCT03383146;Allergan;Hospital Universitário João de Barros Barreto - UFPA;Belém
NCT03383146;Allergan;Núcleo de Pesquisa Clínica do Rio Grande do Sul;Porto Alegre
NCT03383146;Allergan;Instituto Catarinense de Endocrinologia e Diabetes (ICED);Joinville
NCT03383146;Allergan;Scentryphar Pesquisa Clínica Ltda;Campinas
NCT03383146;Allergan;Instituto de Pesquisa Clinica em Campinas;Campinas
NCT03383146;Allergan;Instituto de Estudos e Pesquisas Clinicas do Ceara IEP/CE - Oncology;Fortaleza
NCT03383146;Allergan;IPEC-Instituto de Pesquisa Clinica;São Paulo
NCT03383146;Allergan;CPQuali Pesquisa Clinica Ltda;São Paulo
NCT01983241;Grifols Therapeutics LLC;Faculdade de Medicina do ABC;Santo André
NCT01983241;Grifols Therapeutics LLC;UNIFESP - Universidade Federal de São Paulo;São Paulo
NCT01983241;Grifols Therapeutics LLC;Instituto do Coração - Incor- HCFMUSP;São Paulo
NCT01528254;Novartis Pharmaceuticals;Novartis Investigative Site;Fortaleza
NCT01528254;Novartis Pharmaceuticals;Novartis Investigative Site;Fortaleza
NCT01528254;Novartis Pharmaceuticals;Novartis Investigative Site;Brasília
NCT01528254;Novartis Pharmaceuticals;Novartis Investigative Site;Goiânia
NCT01528254;Novartis Pharmaceuticals;Novartis Investigative Site;Curitiba
NCT01528254;Novartis Pharmaceuticals;Novartis Investigative Site;Belém
NCT01528254;Novartis Pharmaceuticals;Novartis Investigative Site;Porto Alegre
NCT01528254;Novartis Pharmaceuticals;Novartis Investigative Site;Mogi das Cruzes
NCT01528254;Novartis Pharmaceuticals;Novartis Investigative Site;São Paulo
NCT01528254;Novartis Pharmaceuticals;Novartis Investigative Site;São Paulo
NCT01528254;Novartis Pharmaceuticals;Novartis Investigative Site;São Paulo
NCT01528254;Novartis Pharmaceuticals;Novartis Investigative Site;São Paulo
NCT05952869;Merck Sharp & Dohme LLC;Universidade Federal Do Ceara ( Site 0702);Fortaleza
NCT05952869;Merck Sharp & Dohme LLC;Instituto Dante Pazzanese de Cardiology-Fundação Adib Jatene ( Site 0701);São Paulo
NCT05952869;Merck Sharp & Dohme LLC;Incor - Instituto do Coracao ( Site 0703);São Paulo
NCT02983227;Genentech, Inc.;CIP - Centro Internacional de Pesquisa X;
NCT02983227;Genentech, Inc.;Pesquisa Clinica;Goiânia
NCT02983227;Genentech, Inc.;CMiP - Centro Mineiro de Pesquisa*X*;Juiz de Fora
NCT02983227;Genentech, Inc.;Centro de Estudos em Terapias Inovadoras - CETI;Curtiba
NCT02983227;Genentech, Inc.;CCBR Brasil Centro de Pesquisas e Análises Clínicas Ltda.;Rio de Janeiro
NCT02983227;Genentech, Inc.;LMK Serviços Médicos S/S;Porto Alegre
NCT02983227;Genentech, Inc.;CAEP - Centro Avancado de Estudos e Pesquisas Ltda.;Campinas
NCT02983227;Genentech, Inc.;IMA Brasil - Instituto de Medicina Avancada;São Paulo
NCT00097786;Novartis Pharmaceuticals;;Investigative Site
NCT01100541;University of Sao Paulo;Interunits postgraduate program in bioengineering;São Carlos
NCT04360473;University of Sao Paulo General Hospital;Hospital da Beneficência Portuguesa de Santos;Santos
NCT00482573;University of Sao Paulo;Heart Institute (InCor) of University of São Paulo Medical School;São Paulo
NCT02336451;Novartis Pharmaceuticals;Novartis Investigative Site;Salvador
NCT02336451;Novartis Pharmaceuticals;Novartis Investigative Site;Natal
NCT02336451;Novartis Pharmaceuticals;Novartis Investigative Site;Porto Alegre
NCT02336451;Novartis Pharmaceuticals;Novartis Investigative Site;Itajaí
NCT02336451;Novartis Pharmaceuticals;Novartis Investigative Site;Barretos
NCT02336451;Novartis Pharmaceuticals;Novartis Investigative Site;São Paulo
NCT02336451;Novartis Pharmaceuticals;Novartis Investigative Site;São Paulo
NCT03343522;Instituto Nacional de Cardiologia de Laranjeiras;Rio de Janeiro State University;Rio de Janeiro
NCT01050322;Latin American Cooperative Oncology Group;Dr. Carlos Alberto Sampaio;Salvador
NCT01050322;Latin American Cooperative Oncology Group;Dr. José Bines;Rio de Janeiro
NCT01050322;Latin American Cooperative Oncology Group;Dr. Carlos Barrios;Porto Alegre
NCT01050322;Latin American Cooperative Oncology Group;Dra. Yeni Veronica Neron;Florianópolis
NCT01050322;Latin American Cooperative Oncology Group;Dr. Gustavo Ismael;Jaú
NCT01050322;Latin American Cooperative Oncology Group;Dra. Patricia Xavier Santi;Santo André
NCT01050322;Latin American Cooperative Oncology Group;Dr. Max Mano;São Paulo
NCT01050322;Latin American Cooperative Oncology Group;Dr. Marcello Fanelli;São Paulo
NCT01050322;Latin American Cooperative Oncology Group;Dra. Célia Tosselo de Oliveira;São Paulo
NCT03119688;GlaxoSmithKline;GSK Investigational Site;Campinas
NCT03119688;GlaxoSmithKline;GSK Investigational Site;Campinas
NCT01598688;University of Sao Paulo;Hospital das Clínicas da Faculdade de Medicina de Ribeirão Preto da Universidade de São Paulo;Ribeirão Preto
NCT00959088;Advancing Clinical Therapeutics Globally for HIV/AIDS and Other Infections;Instituto de Pesquisa Clinica Evandro Chagas (12101);Rio de Janeiro
NCT04457583;Universidade Federal Fluminense;Hospital Naval Marcilio Dias;Rio de Janeiro
NCT04562766;Principia Biopharma, a Sanofi Company;Hospital Sao Rafael Instituto D'Or da Bahia Site Number : 7608;Salvador
NCT04562766;Principia Biopharma, a Sanofi Company;Uniao Oeste Paranaense de Estudos e Combates ao Cancer Site Number : 7610;Cascavel
NCT04562766;Principia Biopharma, a Sanofi Company;Hospital De Clinicas De Porto Alegre Site Number : 7605;Porto Alegre
NCT04562766;Principia Biopharma, a Sanofi Company;Hospital Santa Marcelina Site Number : 7611;São Paulo
NCT04562766;Principia Biopharma, a Sanofi Company;CEMEC Oncologica do Brasil Site Number : 7606;Belém
NCT04562766;Principia Biopharma, a Sanofi Company;HEMORIO - Instituto Estadual de Hematologia Arthur de Siqueira Cavalcanti Site Number : 7609;Rio de Janeiro
NCT04562766;Principia Biopharma, a Sanofi Company;Hospital do Servidor Publico Estadual de Sao Paulo Site Number : 7607;São Paulo
NCT00099294;Threshold Pharmaceuticals;Fundacao Pio XII - Hospital de Cancer de Barretos;Barretos
NCT00099294;Threshold Pharmaceuticals;Fundação Pio XII - Hospital de Câncer de Barretos;Barretos
NCT00099294;Threshold Pharmaceuticals;Hospital Vera Cruz - Clinica de Oncologia;Belo Horizonte
NCT00099294;Threshold Pharmaceuticals;Hospital Luxemburgo;Belo Horizonte
NCT00099294;Threshold Pharmaceuticals;Hospital de Clínicas da UFPR;Curitiba
NCT00099294;Threshold Pharmaceuticals;Associacao de Combate ao Cancer em Goias, Hospital Araujo Jorge, Setor de Oncologia Clinica;Goiânia
NCT00099294;Threshold Pharmaceuticals;Hospital Nossa Senhora da Conceicao;Porto Alegre
NCT00099294;Threshold Pharmaceuticals;Instituto Nacional do Cancer - INCA;Rio de Janeiro
NCT00099294;Threshold Pharmaceuticals;Grupo Paulista Oncologia Integrada;São Paulo
NCT00099294;Threshold Pharmaceuticals;Clinica de Oncologia Medica S/C Ltda;São Paulo
NCT00099294;Threshold Pharmaceuticals;Hospital do Cancer - AC Camargo;São Paulo
NCT03572166;University Hospital, Basel, Switzerland;Hospital das clinicas Minas Gerais;Belo Horizonte
NCT05774951;AstraZeneca;Research Site;Alfenas
NCT05774951;AstraZeneca;Research Site;Barretos
NCT05774951;AstraZeneca;Research Site;Belo Horizonte
NCT05774951;AstraZeneca;Research Site;Belo Horizonte
NCT05774951;AstraZeneca;Research Site;Brasília
NCT05774951;AstraZeneca;Research Site;Brasília
NCT05774951;AstraZeneca;Research Site;Chapecó
NCT05774951;AstraZeneca;Research Site;Cuiabá
NCT05774951;AstraZeneca;Research Site;Curitiba
NCT05774951;AstraZeneca;Research Site;Curitiba
NCT05774951;AstraZeneca;Research Site;Fortaleza
NCT05774951;AstraZeneca;Research Site;Fortaleza
NCT05774951;AstraZeneca;Research Site;Lajeado
NCT05774951;AstraZeneca;Research Site;Londrina
NCT05774951;AstraZeneca;Research Site;Natal
NCT05774951;AstraZeneca;Research Site;Niterói
NCT05774951;AstraZeneca;Research Site;Piracicaba
NCT05774951;AstraZeneca;Research Site;Porto Alegre
NCT05774951;AstraZeneca;Research Site;Porto Alegre
NCT05774951;AstraZeneca;Research Site;Porto Alegre
NCT05774951;AstraZeneca;Research Site;Porto Alegre
NCT05774951;AstraZeneca;Research Site;Porto Alegre
NCT05774951;AstraZeneca;Research Site;Pouso Alegre
NCT05774951;AstraZeneca;Research Site;Recife
NCT05774951;AstraZeneca;Research Site;Ribeirão Preto
NCT05774951;AstraZeneca;Research Site;Rio de Janeiro
NCT05774951;AstraZeneca;Research Site;Rio de Janeiro
NCT05774951;AstraZeneca;Research Site;Rio de Janeiro
NCT05774951;AstraZeneca;Research Site;Salvador
NCT05774951;AstraZeneca;Research Site;Salvador
NCT05774951;AstraZeneca;Research Site;São Paulo
NCT05774951;AstraZeneca;Research Site;São Paulo
NCT05774951;AstraZeneca;Research Site;São Paulo
NCT05774951;AstraZeneca;Research Site;São Paulo
NCT05774951;AstraZeneca;Research Site;São Paulo
NCT05774951;AstraZeneca;Research Site;São Paulo
NCT05774951;AstraZeneca;Research Site;São Paulo
NCT05774951;AstraZeneca;Research Site;São Paulo
NCT05774951;AstraZeneca;Research Site;São Paulo
NCT05774951;AstraZeneca;Research Site;Taubaté
NCT05774951;AstraZeneca;Research Site;Três Lagoas
NCT05774951;AstraZeneca;Research Site;Vitória
NCT06345729;Merck Sharp & Dohme LLC;Hospital Mario Penna ( Site 0436);Belo Horizonte
NCT06345729;Merck Sharp & Dohme LLC;Hospital de Câncer de Recife ( Site 0447);Recife
NCT06345729;Merck Sharp & Dohme LLC;Oncoclínica Oncologistas Associados ( Site 0441);Teresina
NCT06345729;Merck Sharp & Dohme LLC;Liga Norte Riograndense Contra o Câncer ( Site 0439);Natal
NCT06345729;Merck Sharp & Dohme LLC;Irmandade da Santa Casa de Misericórdia de Porto Alegre-Centro Multidisciplinar de Pesquisa Clínica ( Site 0435);Porto Alegre
NCT06345729;Merck Sharp & Dohme LLC;Fundação Pio XII - Hospital de Câncer de Barretos-Unidade de Pesquisa Clínica ( Site 0437);Barretos
NCT06345729;Merck Sharp & Dohme LLC;Instituto Nacional de Câncer - INCA ( Site 0446);Rio de Janeiro
NCT06345729;Merck Sharp & Dohme LLC;Americas ( Site 0431);Rio de Janeiro
NCT00545688;Hoffmann-La Roche;Hospital de Caridade de Ijui;
NCT00545688;Hoffmann-La Roche;Oncologia;Ijuí
NCT00545688;Hoffmann-La Roche;Hospital Nossa Senhora da Conceicao;Porto Alegre
NCT00545688;Hoffmann-La Roche;Clinica de Neoplasias Litoral;Itajaí
NCT00545688;Hoffmann-La Roche;Hospital Amaral Carvalho;Jaú
NCT00545688;Hoffmann-La Roche;Faculdade de Medicina do ABC - FMABC;
NCT00545688;Hoffmann-La Roche;Oncologia e Hematologia;Santo André
NCT00545688;Hoffmann-La Roche;Instituto do Cancer Arnaldo Vieira de Carvalho - ICAVC;
NCT00545688;Hoffmann-La Roche;Pesquisa Clinica;São Paulo
NCT00545688;Hoffmann-La Roche;Hospital Perola Byington;São Paulo
NCT00545688;Hoffmann-La Roche;Inst. Brasileiro de Controle Ao Cancer;
NCT00545688;Hoffmann-La Roche;Oncologia Clinica / Quimioterapia;São Paulo
NCT00545688;Hoffmann-La Roche;Instituto de Oncologia de Sorocaba - CEPOS;Sorocaba
NCT06204627;University of Sao Paulo General Hospital;Universidade de São Paulo;São Paulo
NCT00952354;University of Sao Paulo;University of Sao Paulo - School of Medicine - Department of Physiotherapy, Communication Sciences and Disorders, Occupational Therapy;São Paulo
NCT04226794;Hospital de Clinicas de Porto Alegre;Hospital de Clinicas de Porto Alegre;Porto Alegre
NCT06841354;Merck Sharp & Dohme LLC;Hospital de Câncer de Recife ( Site 2300);Recife
NCT06841354;Merck Sharp & Dohme LLC;Liga Norte Riograndense Contra o Cancer ( Site 2310);Natal
NCT06841354;Merck Sharp & Dohme LLC;Fundacao Pio XII - Hospital de Cancer de Barretos ( Site 2307);Barretos
NCT06841354;Merck Sharp & Dohme LLC;Fundação Faculdade Regional de Medicina de São José do Rio Preto ( Site 2301);São Jose Do Rio Preto
NCT02149394;Universidade Estadual de Londrina;University hospital - State University of Londrina;Londrina
NCT00798681;Fernandes Tavora Hospital;Fernandes Tavora Hospital;Fortaleza
NCT00798681;Fernandes Tavora Hospital;Hospital Santa Luzia;Brasília
NCT00798681;Fernandes Tavora Hospital;Hospital da Polícia Militar;Rio de Janeiro
NCT00798681;Fernandes Tavora Hospital;Hospital Samaritano;Rio de Janeiro
NCT00798681;Fernandes Tavora Hospital;Hospital Bandeirantes;São Paulo
NCT02467673;University Potiguar;Gynelogical Center;Fortaleza
NCT02467673;University Potiguar;University Potiguar;Natal
NCT02467673;University Potiguar;Marco Botelho;São Paulo
NCT01842854;Hospital Sao Rafael;Hospital São Rafael;Salvador
NCT06250556;University of Sao Paulo;School of Medicine of the University of Sao Paulo;São Paulo
NCT06250556;University of Sao Paulo;School of Medicine, University of Sao Paulo;São Paulo
NCT01345929;Cubist Pharmaceuticals LLC, a subsidiary of Merck & Co., Inc. (Rahway, New Jersey USA);;Belo Horizonte
NCT01345929;Cubist Pharmaceuticals LLC, a subsidiary of Merck & Co., Inc. (Rahway, New Jersey USA);;Porto Alegre
NCT01345929;Cubist Pharmaceuticals LLC, a subsidiary of Merck & Co., Inc. (Rahway, New Jersey USA);;Joinville
NCT01345929;Cubist Pharmaceuticals LLC, a subsidiary of Merck & Co., Inc. (Rahway, New Jersey USA);;Campinas
NCT01345929;Cubist Pharmaceuticals LLC, a subsidiary of Merck & Co., Inc. (Rahway, New Jersey USA);;Sao Jose de Rio Preto
NCT01345929;Cubist Pharmaceuticals LLC, a subsidiary of Merck & Co., Inc. (Rahway, New Jersey USA);;Rio de Janeiro
NCT01345929;Cubist Pharmaceuticals LLC, a subsidiary of Merck & Co., Inc. (Rahway, New Jersey USA);;São Paulo
NCT03756441;Centro Mente Aberta de Mindfulness;Centro Mente Aberta de Mindfulness e Promoção de Saúde;São Paulo
NCT06812494;National Institute of Allergy and Infectious Diseases (NIAID);Instituto de Pesquisa Clinica Evandro Chagas (IPEC) CRS;Rio de Janeiro
NCT04611594;Hospital de Clinicas de Porto Alegre;Hospital de Clínicas de Porto Alegre;Porto Alegre
NCT02339194;Universidade Federal do Ceara;Dental School of Federal University of Ceara;Fortaleza
NCT04877522;Novartis Pharmaceuticals;Novartis Investigative Site;Rio de Janeiro
NCT04877522;Novartis Pharmaceuticals;Novartis Investigative Site;São Paulo
NCT04877522;Novartis Pharmaceuticals;Novartis Investigative Site;São Paulo
NCT03087422;Samanta Winck Madruga;Federal University of Pelotas;Pelotas
NCT02979522;Takeda;Hospital Sao Rafael S/A;Salvador
NCT02979522;Takeda;Jardim das Americas;Paranã
NCT02979522;Takeda;INCA - Instituto Nacional de Cancer;Rio de Janeiro
NCT02979522;Takeda;GRAACC - Grupo de Apoio ao Adolescente e a Crianca com Cancer;São Paulo
NCT02979522;Takeda;ICr - Instituto da Crianca - HCFMUSP;São Paulo
NCT02979522;Takeda;Hospital Santa Marcelina;São Paulo
NCT04262466;Immunocore Ltd;Hospital Nossa Senhora da Conceicao;Porto Alegre
NCT04262466;Immunocore Ltd;D'Or Institute for Research and Education;Rio de Janeiro
NCT04262466;Immunocore Ltd;National Cancer Institute;Rio de Janeiro
NCT04262466;Immunocore Ltd;Hospital Israelita Albert Einstein;São Paulo
NCT05040022;Pontificia Universidade Catolica de Sao Paulo;Eduardo T Moro;Araçoiaba da Serra
NCT02089022;University of Sao Paulo;Rehabilitation Center HCRP, FMRP-USP;Ribeirão Preto
NCT05948722;Universidade Federal de Santa Maria;Carlos Heitor Moreira;Santa Maria
NCT03318029;University of Surrey;Federal University of Goiás;Goiânia
NCT05405166;Sanofi;NOHC - Nucleo de Oncologia e Hematologia do Ceara- Site Number : 0760006;Fortaleza
NCT05405166;Sanofi;OC ONCOCLINICAS MULTIHEMO ILHA DO LEITE Site Number : 0760007;Recife
NCT05405166;Sanofi;CHN - Complexo Hospitalar de Niteroi Site Number : 0760008;Niterói
NCT05405166;Sanofi;Hospital Mae de Deus Site Number : 0760003;Porto Alegre
NCT05405166;Sanofi;Clínica São Germano- Site Number : 0760001;São Paulo
NCT05405166;Sanofi;Instituto COI de Educacao e Pesquisa- Site Number : 0760004;Rio de Janeiro
NCT00932802;Bayer;;Many Locations
NCT05113251;AstraZeneca;Research Site;Goiânia
NCT05113251;AstraZeneca;Research Site;Ijuí
NCT05113251;AstraZeneca;Research Site;Natal
NCT05113251;AstraZeneca;Research Site;Porto Alegre
NCT05113251;AstraZeneca;Research Site;Porto Alegre
NCT05113251;AstraZeneca;Research Site;São Paulo
NCT05113251;AstraZeneca;Research Site;São Paulo
NCT02568722;Unity Health Toronto;Hospital de Clínicas de Porto Alegre - Rio Grande do Sul;Rio Branco
NCT01094353;Federal University of São Paulo;Federal University of São Paulo;São Paulo
NCT03528356;Federal University of Pelotas;Federal Univeristy of Pelotas;Pelotas
NCT05808387;InCor Heart Institute;INCOR- Heart Institute;São Paulo
NCT04396106;Atea Pharmaceuticals, Inc.;Atea Study Site;Belo Horizonte
NCT04396106;Atea Pharmaceuticals, Inc.;Atea Study Site;Brasília
NCT04396106;Atea Pharmaceuticals, Inc.;Atea Study Site;Campo Largo
NCT04396106;Atea Pharmaceuticals, Inc.;Atea Study Site;Porto Alegre
NCT04396106;Atea Pharmaceuticals, Inc.;Atea Study Site;São Paulo
NCT05822193;Inova Medical;Inova Medical;Cachoeirinha
NCT04480593;D'Or Institute for Research and Education;Hospital Sao Rafael;Salvador
NCT01242514;AstraZeneca;Research Site;Goiânia
NCT01242514;AstraZeneca;Research Site;Curitiba
NCT01242514;AstraZeneca;Research Site;Recife
NCT01242514;AstraZeneca;Research Site;São Paulo
NCT01242514;AstraZeneca;Research Site;Rio de Janeiro
NCT01290887;Teva Branded Pharmaceutical Products R&D, Inc.;Teva Investigational Site 146;Belo Horizonte
NCT01290887;Teva Branded Pharmaceutical Products R&D, Inc.;Teva Investigational Site 150;Florianópolis
NCT01290887;Teva Branded Pharmaceutical Products R&D, Inc.;Teva Investigational Site 140;Porto Alegre
NCT01290887;Teva Branded Pharmaceutical Products R&D, Inc.;Teva Investigational Site 144;Porto Alegre
NCT01290887;Teva Branded Pharmaceutical Products R&D, Inc.;Teva Investigational Site 147;Porto Alegre - RS
NCT01290887;Teva Branded Pharmaceutical Products R&D, Inc.;Teva Investigational Site 143, Porto Alegre;RS
NCT01290887;Teva Branded Pharmaceutical Products R&D, Inc.;Teva Investigational Site 142;Santo André
NCT01217606;Allergan;;São Paulo
NCT03110406;Universidade Federal de Pernambuco;Universidade Federal de Pernambuco;Recife
NCT01515163;University of Sao Paulo;University of Sao Paulo;São Paulo
NCT01600963;Janssen Infectious Diseases BVBA;;Porto Alegre
NCT01600963;Janssen Infectious Diseases BVBA;;Rio de Janeiro
NCT01600963;Janssen Infectious Diseases BVBA;;São Paulo
NCT04017663;Universidade Estadual Paulista Júlio de Mesquita Filho;Unesp;Presidente Prudente
NCT01155804;Center for Research on Reproductive Health of Campinas;Centro de Atençao Integral a Saude da Mulher CAISM;Campinas
NCT04667234;Amgen;Hospital Sirio Libanes;Brasília
NCT04667234;Amgen;Personal Oncologia de Precisao e Personalizada;Belo Horizonte
NCT04667234;Amgen;Instituto de Oncologia do Parana;Curitiba
NCT04667234;Amgen;Liga Norte-Riograndense Contra O Cancer;Natal
NCT04667234;Amgen;YNOVA Pesquisa Clinica;Florianópolis
NCT04667234;Amgen;Fundacao Pio 12 Hospital de Cancer de Barretos;Barretos
NCT04667234;Amgen;Oncoclinicas Rio de Janeiro S A;Rio de Janeiro/RJ
NCT01233934;Mantecorp Industria Quimica e Farmaceutica Ltd.;Medcin Instituto da Pele Ltda.;Osasco
NCT02736864;Federal University of Uberlandia;Clinical Hospital of Federal University of Uberlândia (Av. Pará, 1720 - Umuarama);Uberlândia
NCT05558098;Hospital Israelita Albert Einstein;Hospital de Emergência Dr. Daniel Houly;Arapiraca
NCT05558098;Hospital Israelita Albert Einstein;Hospital e Maternidade São José;Colatina
NCT05558098;Hospital Israelita Albert Einstein;Instituto de Ensino e Pesquisa do Hospital da Bahia;Salvador
NCT05558098;Hospital Israelita Albert Einstein;Hospital Brasilia;Brasília
NCT05558098;Hospital Israelita Albert Einstein;Hospital Municipal de Aparecida de Goiânia;Aparecida de Goiânia
NCT05558098;Hospital Israelita Albert Einstein;Hospital Santa Lucia;Poços de Caldas
NCT05558098;Hospital Israelita Albert Einstein;Hospital das Nações;Curitiba
NCT05558098;Hospital Israelita Albert Einstein;Hospital Ecoville - Instituto de Neurologia de Curitiba;Curitiba
NCT05558098;Hospital Israelita Albert Einstein;Hospital São Vicente de Paulo;Passo Fundo
NCT05558098;Hospital Israelita Albert Einstein;Hospital Nossa Senhora da Oliveira;Vacaria
NCT05558098;Hospital Israelita Albert Einstein;Hospital Baia Sul;Florianópolis
NCT05558098;Hospital Israelita Albert Einstein;Centro de Pesquisa Clínica do Coração;Aracaju
NCT05558098;Hospital Israelita Albert Einstein;Hospital de Amor de Barretos;Barretos
NCT05558098;Hospital Israelita Albert Einstein;Fundação Faculdade Regional de Medicina de São José do Rio Preto;São José do Rio Preto
NCT05558098;Hospital Israelita Albert Einstein;Hospital Nove de Julho;São Paulo
NCT05558098;Hospital Israelita Albert Einstein;Santa Casa de Barretos;Barretos
NCT05558098;Hospital Israelita Albert Einstein;Santa Casa de Curitiba;Curitiba
NCT05558098;Hospital Israelita Albert Einstein;Hospital de Amor de Jales;Jales
NCT05558098;Hospital Israelita Albert Einstein;Unimed Joinville;Joinville
NCT05558098;Hospital Israelita Albert Einstein;Hospital São Lucas de Copacabana;Rio de Janeiro
NCT05558098;Hospital Israelita Albert Einstein;Hospital Municipal Vila Santa Catarina;São Paulo
NCT05558098;Hospital Israelita Albert Einstein;Hospital M´Boi Mirim;São Paulo
NCT05558098;Hospital Israelita Albert Einstein;Hospital Santa Paula;São Paulo
NCT02296138;Boehringer Ingelheim;1237.19.55007 Boehringer Ingelheim Investigational Site;Belo Horizonte
NCT02296138;Boehringer Ingelheim;1237.19.55013 Boehringer Ingelheim Investigational Site;Botucatu
NCT02296138;Boehringer Ingelheim;1237.19.55011 Boehringer Ingelheim Investigational Site;Goiânia
NCT02296138;Boehringer Ingelheim;1237.19.55002 Boehringer Ingelheim Investigational Site;Porto Alegre
NCT02296138;Boehringer Ingelheim;1237.19.55006 Boehringer Ingelheim Investigational Site;Porto Alegre
NCT02296138;Boehringer Ingelheim;1237.19.55010 Boehringer Ingelheim Investigational Site;Porto Alegre
NCT02296138;Boehringer Ingelheim;1237.19.55012 Boehringer Ingelheim Investigational Site;Porto Alegre
NCT02296138;Boehringer Ingelheim;1237.19.55014 Boehringer Ingelheim Investigational Site;Santo André
NCT02296138;Boehringer Ingelheim;1237.19.55001 Boehringer Ingelheim Investigational Site;São Paulo
NCT02296138;Boehringer Ingelheim;1237.19.55005 Boehringer Ingelheim Investigational Site;São Paulo
NCT02296138;Boehringer Ingelheim;1237.19.55008 Boehringer Ingelheim Investigational Site;São Paulo
NCT02296138;Boehringer Ingelheim;1237.19.55009 Boehringer Ingelheim Investigational Site;Vitória
NCT01032915;Novartis Pharmaceuticals;Novartis Investigative Site;São Paulo
NCT01032915;Novartis Pharmaceuticals;Novartis Investigative Site;São Paulo
NCT01032915;Novartis Pharmaceuticals;Novartis Investigative Site;Rio de Janeiro
NCT01032915;Novartis Pharmaceuticals;Novartis Investigative Site;São Paulo
NCT01032915;Novartis Pharmaceuticals;Novartis Investigative Site;São Paulo
NCT04168125;University of Sao Paulo;Bauru School of Dentistry;Bauru
NCT02540993;Bayer;;Fortaleza
NCT02540993;Bayer;;Fortaleza
NCT02540993;Bayer;;Fortaleza
NCT02540993;Bayer;;Feira de Santana
NCT02540993;Bayer;;Salvador
NCT02540993;Bayer;;Brasília
NCT02540993;Bayer;;Aparecida de Goiânia
NCT02540993;Bayer;;Goiânia
NCT02540993;Bayer;;Juiz de Fora
NCT02540993;Bayer;;Curitiba
NCT02540993;Bayer;;Curitiba
NCT02540993;Bayer;;Curitiba
NCT02540993;Bayer;;Paraná
NCT02540993;Bayer;;Porto Alegre
NCT02540993;Bayer;;Porto Alegre
NCT02540993;Bayer;;Santo André
NCT02540993;Bayer;;São José do Rio Preto
NCT02540993;Bayer;;São José dos Campos
NCT02540993;Bayer;;São Paulo
NCT02540993;Bayer;;Minas Gerais
NCT02540993;Bayer;;Rio de Janeiro
NCT02540993;Bayer;;Rio de Janeiro
NCT02540993;Bayer;;São Paulo
NCT02540993;Bayer;;São Paulo
NCT02540993;Bayer;;São Paulo
NCT00022516;ETOP IBCSG Partners Foundation;Hospital de Clinicas de Porto Alegre;Porto Alegre
NCT05529316;Agenus Inc.;Oncosite - Centro de Pesquisa Clinica Em Oncologia;Ijuí
NCT05529316;Agenus Inc.;Centro de Pesquisas Clinicas da Fundação Doutor Amaral Carvalho;Jaú
NCT05529316;Agenus Inc.;Centro Gaucho Integrado de Oncologia, Hematologia, Ensino e Pesquisa;Porto Alegre
NCT05529316;Agenus Inc.;INCA II - Instituto Nacional de Cancer Jose Alencar Gomes da Silva;Rio de Janeiro
NCT05529316;Agenus Inc.;Hospital Sirio Libanes;São Paulo
NCT05529316;Agenus Inc.;Real e Benemerita Associaçao Portuguesa de Beneficencia - A Beneficencia Portuguesa de Sao Paulo;São Paulo
NCT05529316;Agenus Inc.;Hospital A.C. Camargo Cancer Center;São Paulo
NCT02231216;Hospital de Clinicas de Porto Alegre;Hospital de Clínicas de Porto Alegre;Porto Alegre
NCT02369016;Bayer;;Jaú
NCT02369016;Bayer;;São Paulo
NCT02369016;Bayer;;São Paulo
NCT04605016;Universidade Federal de Goias;Faculty of Dentistry of the Federal University of Goias;Goiânia
NCT02117193;Federal University of Rio Grande do Sul;Exercise Research Laboratory;Porto Alegre
NCT06790693;Hoffmann-La Roche;Crio - Centro Regional Integrado de Oncologia;Fortaleza
NCT06790693;Hoffmann-La Roche;Hospital Santa Rita de Cassia Vitoria;Vitória
NCT06790693;Hoffmann-La Roche;Obras Sociais Irma Dulce - Osid;Salvador
NCT06790693;Hoffmann-La Roche;Hospital Araujo Jorge;Goiânia
NCT06790693;Hoffmann-La Roche;Centro de Oncologia de Alfenas;Alfenas
NCT06790693;Hoffmann-La Roche;Hospital do Câncer de Londrina;Londrina
NCT06790693;Hoffmann-La Roche;Hospital do Cancer de Pernambuco - HCP;Recife
NCT06790693;Hoffmann-La Roche;Vencer Oncoclínica - Centro de Pesquisa do Piauí;Teresina
NCT06790693;Hoffmann-La Roche;Santa Casa de Misericordia de Porto Alegre;Porto Alegre
NCT06790693;Hoffmann-La Roche;Hospital de Cancer de Barretos;Barretos
NCT06790693;Hoffmann-La Roche;Instituto do Cancer do Estado de Sao Paulo - ICESP;São Paulo
NCT06790693;Hoffmann-La Roche;Clinica de Pesquisa e Centro de Estudos em Oncologia Ginecologica e Mamaria Ltda;São Paulo
NCT06790693;Hoffmann-La Roche;Instituto Nacional de Cancer - INCa;Rio de Janeiro
NCT04771416;Passage Bio, Inc.;Hospital De Clinicas De Porto Alegre;Porto Alegre
NCT00929175;Hospital de Clinicas de Porto Alegre;Hospital de Clinicas de Porto Alegre;Porto Alegre
NCT05629130;University of Sao Paulo General Hospital;Instituto de Ortopedia e Traumatologia do Hospital das Clinicas da Faculdade de Medicina da Universidade de São Paulo;São Paulo
NCT00933699;Sanofi;Sanofi-Aventis Administrative Office;São Paulo
NCT01753193;MedImmune LLC;Research Site;Rio de Janeiro
NCT01753193;MedImmune LLC;Research Site;São Paulo
NCT02375906;HepNet Study House, German Liverfoundation;Centro de Pesquisa em Medicina Tropical;Rondônia
NCT04199104;Merck Sharp & Dohme LLC;Oncocentro Ceara ( Site 0412);Fortaleza
NCT04199104;Merck Sharp & Dohme LLC;Fundacao Sao Francisco Xavier ( Site 0409);Ipatinga
NCT04199104;Merck Sharp & Dohme LLC;ELO Pesquisa Clinica ( Site 0405);Maringá
NCT04199104;Merck Sharp & Dohme LLC;Hospital de Passo Fundo ( Site 0401);Passo Fundo
NCT04199104;Merck Sharp & Dohme LLC;Clinica LACKS ( Site 0402);Pelotas
NCT04199104;Merck Sharp & Dohme LLC;Hospital Nossa Senhora da Conceição-Centro Integrado de Pesquisa em Oncologia ( Site 0414);Porto Alegre
NCT04199104;Merck Sharp & Dohme LLC;A.C. Camargo Cancer Center ( Site 0407);São Paulo
NCT02435433;Eli Lilly and Company;Fundação PIO XII;Barretos
NCT02435433;Eli Lilly and Company;"""For additional information regarding investigative sites for this trial, contact 1-877-CTLILLY (1-877-285-4559, 1-317-615-4559) Mon - Fri from 9 AM to 5 PM Eastern Time (UTC/GMT - 5 hours, EST), or speak with your personal physician.""";Barretos
NCT02435433;Eli Lilly and Company;Cenantron - Centro Avançado de Tratamento Oncológico;Belo Horizonte
NCT02435433;Eli Lilly and Company;Associação Hospital de Caridade Ijuí;Ijuí
NCT02435433;Eli Lilly and Company;For additional information regarding investigative sites for this trial, contact 1-877-CTLILLY (1-877-285-4559, 1-317-615-4559) Mon - Fri from 9 AM to 5 PM Eastern Time (UTC/GMT - 5 hours, EST), or speak with your personal physician.;Porto Alegre
NCT02435433;Eli Lilly and Company;For additional information regarding investigative sites for this trial, contact 1-877-CTLILLY (1-877-285-4559, 1-317-615-4559) Mon - Fri from 9 AM to 5 PM Eastern Time (UTC/GMT - 5 hours, EST), or speak with your personal physician.;São Paulo
NCT06453148;Hospital Israelita Albert Einstein;Hospital Israelita Albert Einstein;São Paulo
NCT01475448;University of Sao Paulo;Laboratory of Biophysics;São Paulo
NCT05673226;Hospital Israelita Albert Einstein;Hospital Jean Bittar;Belém
NCT05673226;Hospital Israelita Albert Einstein;Santa Casa de Misericórdia;Belo Horizonte
NCT05673226;Hospital Israelita Albert Einstein;Hospital de Base do Distrito Federal;Brasília
NCT05673226;Hospital Israelita Albert Einstein;Hospital Universitário de Brasília;Brasília
NCT05673226;Hospital Israelita Albert Einstein;Hospital Otoclínica;Fortaleza
NCT05673226;Hospital Israelita Albert Einstein;Hospital Geral de Goiânia;Goiânia
NCT05673226;Hospital Israelita Albert Einstein;Hospital do Tricentenário;Olinda
NCT05673226;Hospital Israelita Albert Einstein;Hospital Escola Universidade Federal de Pelotas;Pelotas
NCT05673226;Hospital Israelita Albert Einstein;Hospital Ernesto Dornelles;Porto Alegre
NCT05673226;Hospital Israelita Albert Einstein;Hospital Ana Nery;Salvador
NCT05673226;Hospital Israelita Albert Einstein;Hospital Santa Cruz;Santa Cruz do Sul
NCT05673226;Hospital Israelita Albert Einstein;Hospital Presidente Vargas;São Luís
NCT05673226;Hospital Israelita Albert Einstein;A.C. Camargo Cancer Center;São Paulo
NCT05673226;Hospital Israelita Albert Einstein;Hospital do Coração;São Paulo
NCT02957435;Biolab Sanus Farmaceutica;CAEP - Centro Avançado de Estudos e Pesquisas Ltda.;Campinas
NCT00312208;Sanofi;Sanofi-Aventis;São Paulo
NCT00994825;Università Vita-Salute San Raffaele;Santa Casa de Misericórdia de Juiz de Fora;Juiz de Fora
NCT05370417;University of Nove de Julho;Sandra Bussadori;São Paulo
NCT03731182;Merck Sharp & Dohme LLC;Santa Casa de Misericordia de Belo Horizonte ( Site 0200);Belo Horizonte
NCT03731182;Merck Sharp & Dohme LLC;Hospital Santo Antonio - Obras Sociais Irma Dulce ( Site 0205);Salvador
NCT03731182;Merck Sharp & Dohme LLC;Santa Casa de Misericordia de Sao Paulo ( Site 0202);São Paulo
NCT03362424;University of Sao Paulo;Universidade de São Paulo;São Paulo
NCT02668653;Daiichi Sankyo;Hospital Amaral Carvalho;Brasília
NCT02668653;Daiichi Sankyo;Hospital do CEPON;Brasília
NCT02668653;Daiichi Sankyo;Instituto do Cancer do Estado de São Paulo;Brasília
NCT02668653;Daiichi Sankyo;Santa Casa de Misericórdia de Porto Alegre;Brasília
NCT02668653;Daiichi Sankyo;Hospital da Cidade de Passo Fundo;Passo Fundo
NCT02668653;Daiichi Sankyo;Hospital de Clínicas de Porto Alegre;Porto Alegre
NCT00661102;Hoffmann-La Roche;;Fortaleza
NCT00661102;Hoffmann-La Roche;;Salvador
NCT00661102;Hoffmann-La Roche;, Salvador;Bahia
NCT00661102;Hoffmann-La Roche;;Taguatinga
NCT00661102;Hoffmann-La Roche;;Goiânia
NCT00661102;Hoffmann-La Roche;;Goiânia
NCT00661102;Hoffmann-La Roche;;Belo Horizonte
NCT00661102;Hoffmann-La Roche;;Belo Horizonte
NCT00661102;Hoffmann-La Roche;;Teresina
NCT00661102;Hoffmann-La Roche;;Niterói
NCT00661102;Hoffmann-La Roche;;Rio de Janeiro
NCT00661102;Hoffmann-La Roche;;Rio de Janeiro
NCT00661102;Hoffmann-La Roche;;Natal
NCT00661102;Hoffmann-La Roche;;Caxias do Sul
NCT00661102;Hoffmann-La Roche;;Caxias do Sul
NCT00661102;Hoffmann-La Roche;;Ijuí
NCT00661102;Hoffmann-La Roche;;Lajeado
NCT00661102;Hoffmann-La Roche;;Porto Alegre
NCT00661102;Hoffmann-La Roche;;Porto Alegre
NCT00661102;Hoffmann-La Roche;;Porto Alegre
NCT00661102;Hoffmann-La Roche;;Porto Alegre
NCT00661102;Hoffmann-La Roche;;Itajaí
NCT00661102;Hoffmann-La Roche;;Barretos
NCT00661102;Hoffmann-La Roche;;Campinas
NCT00661102;Hoffmann-La Roche;;Jaú
NCT00661102;Hoffmann-La Roche;;Ribeirão Preto
NCT00661102;Hoffmann-La Roche;;Santo André
NCT00661102;Hoffmann-La Roche;;Santos
NCT00661102;Hoffmann-La Roche;;Santos
NCT00661102;Hoffmann-La Roche;;São José do Rio Preto
NCT00661102;Hoffmann-La Roche;;São Paulo
NCT00661102;Hoffmann-La Roche;;São Paulo
NCT00661102;Hoffmann-La Roche;;São Paulo
NCT00661102;Hoffmann-La Roche;;São Paulo
NCT00661102;Hoffmann-La Roche;;Sorocaba
NCT03460639;University of Nove de Julho;University Nove de Julho;São Paulo
NCT05706077;Federal University of Paraíba;Federal University of Paraiba;João Pessoa
NCT00699998;Eli Lilly and Company;For additional information regarding investigative sites for this trial, contact 1-877-CTLILLY (1-877-285-4559, 1-317-615-4559) Mon - Fri from 9 AM to 5 PM Eastern Time (UTC/GMT - 5 hours, EST), or speak with your personal physician.;Aracaju
NCT00699998;Eli Lilly and Company;For additional information regarding investigative sites for this trial, contact 1-877-CTLILLY (1-877-285-4559, 1-317-615-4559) Mon - Fri from 9 AM to 5 PM Eastern Time (UTC/GMT - 5 hours, EST), or speak with your personal physician.;Belo Horizonte
NCT00699998;Eli Lilly and Company;For additional information regarding investigative sites for this trial, contact 1-877-CTLILLY (1-877-285-4559, 1-317-615-4559) Mon - Fri from 9 AM to 5 PM Eastern Time (UTC/GMT - 5 hours, EST), or speak with your personal physician.;Blumenau
NCT00699998;Eli Lilly and Company;For additional information regarding investigative sites for this trial, contact 1-877-CTLILLY (1-877-285-4559, 1-317-615-4559) Mon - Fri from 9 AM to 5 PM Eastern Time (UTC/GMT - 5 hours, EST), or speak with your personal physician.;Brasília
NCT00699998;Eli Lilly and Company;For additional information regarding investigative sites for this trial, contact 1-877-CTLILLY (1-877-285-4559, 1-317-615-4559) Mon - Fri from 9 AM to 5 PM Eastern Time (UTC/GMT - 5 hours, EST), or speak with your personal physician.;Campina Grande do Sul
NCT00699998;Eli Lilly and Company;For additional information regarding investigative sites for this trial, contact 1-877-CTLILLY (1-877-285-4559, 1-317-615-4559) Mon - Fri from 9 AM to 5 PM Eastern Time (UTC/GMT - 5 hours, EST), or speak with your personal physician.;Campinas
NCT00699998;Eli Lilly and Company;For additional information regarding investigative sites for this trial, contact 1-877-CTLILLY (1-877-285-4559, 1-317-615-4559) Mon - Fri from 9 AM to 5 PM Eastern Time (UTC/GMT - 5 hours, EST), or speak with your personal physician.;Campo Grande
NCT00699998;Eli Lilly and Company;For additional information regarding investigative sites for this trial, contact 1-877-CTLILLY (1-877-285-4559, 1-317-615-4559) Mon - Fri from 9 AM to 5 PM Eastern Time (UTC/GMT - 5 hours, EST), or speak with your personal physician.;Caxias do Sul
NCT00699998;Eli Lilly and Company;For additional information regarding investigative sites for this trial, contact 1-877-CTLILLY (1-877-285-4559, 1-317-615-4559) Mon - Fri from 9 AM to 5 PM Eastern Time (UTC/GMT - 5 hours, EST), or speak with your personal physician.;Curitiba
NCT00699998;Eli Lilly and Company;For additional information regarding investigative sites for this trial, contact 1-877-CTLILLY (1-877-285-4559, 1-317-615-4559) Mon - Fri from 9 AM to 5 PM Eastern Time (UTC/GMT - 5 hours, EST), or speak with your personal physician.;Dois Lajeados
NCT00699998;Eli Lilly and Company;For additional information regarding investigative sites for this trial, contact 1-877-CTLILLY (1-877-285-4559, 1-317-615-4559) Mon - Fri from 9 AM to 5 PM Eastern Time (UTC/GMT - 5 hours, EST), or speak with your personal physician.;Goiânia
NCT00699998;Eli Lilly and Company;For additional information regarding investigative sites for this trial, contact 1-877-CTLILLY (1-877-285-4559, 1-317-615-4559) Mon - Fri from 9 AM to 5 PM Eastern Time (UTC/GMT - 5 hours, EST), or speak with your personal physician.;Maceió
NCT00699998;Eli Lilly and Company;For additional information regarding investigative sites for this trial, contact 1-877-CTLILLY (1-877-285-4559, 1-317-615-4559) Mon - Fri from 9 AM to 5 PM Eastern Time (UTC/GMT - 5 hours, EST), or speak with your personal physician.;Maringá
NCT00699998;Eli Lilly and Company;For additional information regarding investigative sites for this trial, contact 1-877-CTLILLY (1-877-285-4559, 1-317-615-4559) Mon - Fri from 9 AM to 5 PM Eastern Time (UTC/GMT - 5 hours, EST), or speak with your personal physician.;Passo Fundo
NCT00699998;Eli Lilly and Company;For additional information regarding investigative sites for this trial, contact 1-877-CTLILLY (1-877-285-4559, 1-317-615-4559) Mon - Fri from 9 AM to 5 PM Eastern Time (UTC/GMT - 5 hours, EST), or speak with your personal physician.;Piracicaba
NCT00699998;Eli Lilly and Company;For additional information regarding investigative sites for this trial, contact 1-877-CTLILLY (1-877-285-4559, 1-317-615-4559) Mon - Fri from 9 AM to 5 PM Eastern Time (UTC/GMT - 5 hours, EST), or speak with your personal physician.;Porto Alegre
NCT00699998;Eli Lilly and Company;For additional information regarding investigative sites for this trial, contact 1-877-CTLILLY (1-877-285-4559, 1-317-615-4559) Mon - Fri from 9 AM to 5 PM Eastern Time (UTC/GMT - 5 hours, EST), or speak with your personal physician.;Recife
NCT00699998;Eli Lilly and Company;For additional information regarding investigative sites for this trial, contact 1-877-CTLILLY (1-877-285-4559, 1-317-615-4559) Mon - Fri from 9 AM to 5 PM Eastern Time (UTC/GMT - 5 hours, EST), or speak with your personal physician.;Ribeirão Preto
NCT00699998;Eli Lilly and Company;For additional information regarding investigative sites for this trial, contact 1-877-CTLILLY (1-877-285-4559, 1-317-615-4559) Mon - Fri from 9 AM to 5 PM Eastern Time (UTC/GMT - 5 hours, EST), or speak with your personal physician.;Rio de Janeiro
NCT00699998;Eli Lilly and Company;For additional information regarding investigative sites for this trial, contact 1-877-CTLILLY (1-877-285-4559, 1-317-615-4559) Mon - Fri from 9 AM to 5 PM Eastern Time (UTC/GMT - 5 hours, EST), or speak with your personal physician.;Salvador
NCT00699998;Eli Lilly and Company;For additional information regarding investigative sites for this trial, contact 1-877-CTLILLY (1-877-285-4559, 1-317-615-4559) Mon - Fri from 9 AM to 5 PM Eastern Time (UTC/GMT - 5 hours, EST), or speak with your personal physician.;Santo André
NCT00699998;Eli Lilly and Company;For additional information regarding investigative sites for this trial, contact 1-877-CTLILLY (1-877-285-4559, 1-317-615-4559) Mon - Fri from 9 AM to 5 PM Eastern Time (UTC/GMT - 5 hours, EST), or speak with your personal physician.;Sao Jose Rio Preto
NCT00699998;Eli Lilly and Company;For additional information regarding investigative sites for this trial, contact 1-877-CTLILLY (1-877-285-4559, 1-317-615-4559) Mon - Fri from 9 AM to 5 PM Eastern Time (UTC/GMT - 5 hours, EST), or speak with your personal physician.;São Caetano do Sul
NCT00699998;Eli Lilly and Company;For additional information regarding investigative sites for this trial, contact 1-877-CTLILLY (1-877-285-4559, 1-317-615-4559) Mon - Fri from 9 AM to 5 PM Eastern Time (UTC/GMT - 5 hours, EST), or speak with your personal physician.;São José
NCT00699998;Eli Lilly and Company;For additional information regarding investigative sites for this trial, contact 1-877-CTLILLY (1-877-285-4559, 1-317-615-4559) Mon - Fri from 9 AM to 5 PM Eastern Time (UTC/GMT - 5 hours, EST), or speak with your personal physician.;São Paulo
NCT00699998;Eli Lilly and Company;For additional information regarding investigative sites for this trial, contact 1-877-CTLILLY (1-877-285-4559, 1-317-615-4559) Mon - Fri from 9 AM to 5 PM Eastern Time (UTC/GMT - 5 hours, EST), or speak with your personal physician.;Uberlândia
NCT00699998;Eli Lilly and Company;For additional information regarding investigative sites for this trial, contact 1-877-CTLILLY (1-877-285-4559, 1-317-615-4559) Mon - Fri from 9 AM to 5 PM Eastern Time (UTC/GMT - 5 hours, EST), or speak with your personal physician.;Votuporanga
NCT01420393;Ottawa Heart Institute Research Corporation;Instituto de Cardiologia-FUC RS;Porto Alegre
NCT06264414;EMS;EMS;Hortolândia
NCT04043884;Universidade Federal do Rio Grande do Norte;Jamilson Simões Brasileiro;Natal
NCT04043884;Universidade Federal do Rio Grande do Norte;Araken kleber Azevedo de Oliveira;Parnamirim
NCT02348138;University of Pernambuco;University of Pernambuco;Recife
NCT02818855;University of Sao Paulo;University of São Paulo;São Paulo
NCT03792555;Crinetics Pharmaceuticals Inc.;CETI - Centro de Estudos em Terapias Inovadoras;Curitiba
NCT03792555;Crinetics Pharmaceuticals Inc.;CPQuali Pesquisa Clinica;São Paulo
NCT03828526;University of Brasilia;Breno de Sousa Santana;Brasília
NCT03551626;Novartis Pharmaceuticals;Novartis Investigative Site;Rio de Janeiro
NCT03551626;Novartis Pharmaceuticals;Novartis Investigative Site;Porto Alegre
NCT03551626;Novartis Pharmaceuticals;Novartis Investigative Site;São Paulo
NCT04806178;University of Campinas, Brazil;Pontifical Catholic University of Campinas Hospital;Campinas
NCT04806178;University of Campinas, Brazil;Hospital das Clínicas Unicamp;Campinas
NCT03127878;Universidade Estadual de Londrina;State University of Londrina;Londrina
NCT05639478;University of Sao Paulo General Hospital;Equipe Multidisciplinar E-Multi;Limeira
NCT02259543;University of Sao Paulo;School of Dentistry at Bauru- University of São Paulo;
NCT02259543;University of Sao Paulo;Clinics of Periodontics;Bauru
NCT02074917;University of Sao Paulo;Instituto de Ortopedia e Traumatologia do HCFMUSP;São Paulo
NCT05084040;AC Camargo Cancer Center;A.C.Camargo Cancer Center;São Paulo
